,NAME,YEAR,TIME,GENRE,RATING,VOTES,GROSS_COLLECTION
0,The Dark Knight,(2008),152 min,"
Action, Crime, Drama            ","

9.0
","2,608,497",$534.86M
1,The Lord of the Rings: The Return of the King,(2003),201 min,"
Action, Adventure, Drama            ","

9.0
","1,811,830",$377.85M
2,Inception,(2010),148 min,"
Action, Adventure, Sci-Fi            ","

8.8
","2,312,473",$292.58M
3,The Lord of the Rings: The Two Towers,(2002),179 min,"
Action, Adventure, Drama            ","

8.8
","1,636,169",$342.55M
4,The Lord of the Rings: The Fellowship of the Ring,(2001),178 min,"
Action, Adventure, Drama            ","

8.8
","1,834,885",$315.54M
5,The Matrix,(1999),136 min,"
Action, Sci-Fi            ","

8.7
","1,887,190",$171.48M
6,The Empire Strikes Back,(1980),124 min,"
Action, Adventure, Fantasy            ","

8.7
","1,275,010",$290.48M
7,Terminator 2: Judgment Day,(1991),137 min,"
Action, Sci-Fi            ","

8.6
","1,085,019",$204.84M
8,Star Wars,(1977),121 min,"
Action, Adventure, Fantasy            ","

8.6
","1,347,709",$322.74M
9,Seppuku,(1962),133 min,"
Action, Drama, Mystery            ","

8.6
","56,041",$na
10,Shichinin no samurai,(1954),207 min,"
Action, Drama            ","

8.6
","343,351",$0.27M
11,Kaithi,(2019),145 min,"
Action, Crime, Thriller            ","

8.5
","29,508",$na
12,Asuran,(2019),141 min,"
Action, Drama            ","

8.5
","28,368",$na
13,Top Gun: Maverick,(2022),130 min,"
Action, Drama            ","

8.5
","344,682",$na
14,Gladiator,(2000),155 min,"
Action, Adventure, Drama            ","

8.5
","1,478,375",$187.71M
15,Léon,(1994),110 min,"
Action, Crime, Drama            ","

8.5
","1,145,115",$19.50M
16,Vikram,(2022),175 min,"
Action, Thriller            ","

8.4
","48,369",$na
17,Spider-Man: Into the Spider-Verse,(2018),117 min,"
Animation, Action, Adventure            ","

8.4
","512,542",$190.24M
18,Avengers: Endgame,(2019),181 min,"
Action, Adventure, Drama            ","

8.4
","1,097,522",$858.37M
19,Avengers: Infinity War,(2018),149 min,"
Action, Adventure, Sci-Fi            ","

8.4
","1,052,542",$678.82M
20,The Dark Knight Rises,(2012),164 min,"
Action, Drama            ","

8.4
","1,681,173",$448.14M
21,K.G.F: Chapter 2,(2022),168 min,"
Action, Crime, Drama            ","

8.4
","121,923",$na
22,Shershaah,(2021),135 min,"
Action, Biography, Drama            ","

8.4
","119,729",$na
23,Oldeuboi,(2003),101 min,"
Action, Drama, Mystery            ","

8.4
","571,553",$0.71M
24,Aliens,(1986),137 min,"
Action, Adventure, Sci-Fi            ","

8.4
","710,105",$85.16M
25,Raiders of the Lost Ark,(1981),115 min,"
Action, Adventure            ","

8.4
","956,123",$248.16M
26,Dangal,(2016),161 min,"
Action, Biography, Drama            ","

8.3
","188,613",$12.39M
27,Karthikeya 2,(2022),150 min,"
Action, Adventure, Fantasy            ","

8.3
","52,755",$na
28,Spider-Man: No Way Home,(2021),148 min,"
Action, Adventure, Fantasy            ","

8.3
","718,377",$804.75M
29,Heat,(1995),170 min,"
Action, Crime, Drama            ","

8.3
","647,351",$67.44M
30,Star Wars: Episode VI - Return of the Jedi,(1983),131 min,"
Action, Adventure, Fantasy            ","

8.3
","1,041,083",$309.13M
31,North by Northwest,(1959),136 min,"
Action, Adventure, Mystery            ","

8.3
","325,773",$13.28M
32,1917,(2019),119 min,"
Action, Drama, War            ","

8.2
","571,347",$159.23M
33,Uri: The Surgical Strike,(2019),138 min,"
Action, Drama, History            ","

8.2
","62,218",$4.19M
34,K.G.F: Chapter 1,(2018),156 min,"
Action, Crime, Drama            ","

8.2
","82,201",$na
35,Everything Everywhere All at Once,(2022),139 min,"
Action, Adventure, Comedy            ","

8.2
","194,861",$na
36,Vikram Vedha,(2017),147 min,"
Action, Crime, Drama            ","

8.2
","40,790",$na
37,Dag II,(2016),135 min,"
Action, Drama, War            ","

8.2
","108,315",$na
38,Baahubali 2: The Conclusion,(2017),167 min,"
Action, Drama            ","

8.2
","98,194",$20.19M
39,Gangs of Wasseypur,(2012),321 min,"
Action, Comedy, Crime            ","

8.2
","95,406",$na
40,Paan Singh Tomar,(2012),135 min,"
Action, Biography, Crime            ","

8.2
","36,332",$0.04M
41,Warrior,(2011),140 min,"
Action, Drama, Sport            ","

8.2
","469,319",$13.66M
42,Kimetsu no Yaiba: Mugen Ressha-Hen,(2020),117 min,"
Animation, Action, Adventure            ","

8.2
","55,645",$47.70M
43,V for Vendetta,(2005),132 min,"
Action, Drama, Sci-Fi            ","

8.2
","1,111,341",$70.51M
44,Batman Begins,(2005),140 min,"
Action, Crime, Drama            ","

8.2
","1,450,759",$206.85M
45,Kill Bill: Vol. 1,(2003),111 min,"
Action, Crime, Drama            ","

8.2
","1,101,268",$70.10M
46,"Lock, Stock and Two Smoking Barrels",(1998),107 min,"
Action, Comedy, Crime            ","

8.2
","577,821",$3.90M
47,Jurassic Park,(1993),127 min,"
Action, Adventure, Sci-Fi            ","

8.2
","976,368",$402.45M
48,Indiana Jones and the Last Crusade,(1989),127 min,"
Action, Adventure            ","

8.2
","747,753",$197.17M
49,Die Hard,(1988),132 min,"
Action, Thriller            ","

8.2
","867,653",$83.01M
50,Ran,(1985),162 min,"
Action, Drama, War            ","

8.2
","125,050",$4.14M
51,Yôjinbô,(1961),110 min,"
Action, Drama, Thriller            ","

8.2
","122,535",$na
52,The General,(1926),67 min,"
Action, Adventure, Comedy            ","

8.2
","91,163",$1.03M
53,Sherlock Jr.,(1924),45 min,"
Action, Comedy, Romance            ","

8.2
","49,766",$0.98M
54,Bajrangi Bhaijaan,(2015),163 min,"
Action, Adventure, Comedy            ","

8.1
","87,360",$8.18M
55,Logan,(2017),137 min,"
Action, Drama, Sci-Fi            ","

8.1
","748,608",$226.28M
56,Rush,(I) (2013),123 min,"
Action, Biography, Drama            ","

8.1
","475,901",$26.95M
57,Ford v Ferrari,(2019),152 min,"
Action, Biography, Drama            ","

8.1
","382,389",$117.62M
58,Mad Max: Fury Road,(2015),120 min,"
Action, Adventure, Sci-Fi            ","

8.1
","987,670",$154.06M
59,A Wednesday,(2008),104 min,"
Action, Crime, Drama            ","

8.1
","78,492",$na
60,How to Train Your Dragon,(2010),98 min,"
Animation, Action, Adventure            ","

8.1
","732,155",$217.58M
61,Pirates of the Caribbean: The Curse of the Black Pearl,(2003),143 min,"
Action, Adventure, Fantasy            ","

8.1
","1,114,207",$305.41M
62,Hera Pheri,(2000),156 min,"
Action, Comedy, Crime            ","

8.1
","66,469",$na
63,Sarfarosh,(1999),174 min,"
Action, Drama, Thriller            ","

8.1
","25,767",$na
64,The Iron Giant,(1999),86 min,"
Animation, Action, Adventure            ","

8.1
","193,271",$23.16M
65,The Terminator,(1984),107 min,"
Action, Sci-Fi            ","

8.1
","855,716",$38.40M
66,Blade Runner,(1982),117 min,"
Action, Drama, Sci-Fi            ","

8.1
","760,993",$32.87M
67,Sholay,(1975),204 min,"
Action, Adventure, Comedy            ","

8.1
","55,683",$na
68,Kakushi-toride no san-akunin,(1958),139 min,"
Action, Adventure, Drama            ","

8.1
","39,137",$na
69,White Heat,(1949),114 min,"
Action, Crime, Drama            ","

8.1
","32,967",$na
70,RRR (Rise Roar Revolt),(2022),187 min,"
Action, Drama            ","

8.0
","103,238",$na
71,Arjun Reddy,(2017),182 min,"
Action, Drama, Romance            ","

8.0
","25,392",$na
72,Kaththi,(2014),166 min,"
Action, Drama            ","

8.0
","26,896",$na
73,Haider,(2014),160 min,"
Action, Crime, Drama            ","

8.0
","55,058",$0.90M
74,Bãhubali: The Beginning,(2015),159 min,"
Action, Drama            ","

8.0
","122,631",$6.74M
75,1 - Nenokkadine,(2014),170 min,"
Action, Thriller            ","

8.0
","45,392",$na
76,Thuppakki,(2012),165 min,"
Action, Thriller            ","

8.0
","34,305",$na
77,Guardians of the Galaxy,(2014),121 min,"
Action, Adventure, Comedy            ","

8.0
","1,161,771",$333.18M
78,Blade Runner 2049,(2017),164 min,"
Action, Drama, Mystery            ","

8.0
","558,038",$92.05M
79,The Revenant,(2015),156 min,"
Action, Adventure, Drama            ","

8.0
","792,620",$183.64M
80,Tropa de Elite 2: O Inimigo Agora é Outro,(2010),115 min,"
Action, Crime, Drama            ","

8.0
","83,132",$0.10M
81,Deadpool,(2016),108 min,"
Action, Adventure, Comedy            ","

8.0
","1,019,351",$363.07M
82,Zack Snyder's Justice League,(2021),242 min,"
Action, Adventure, Fantasy            ","

8.0
","388,780",$na
83,Ip Man,(2008),106 min,"
Action, Biography, Drama            ","

8.0
","223,389",$na
84,Dune: Part One,(2021),155 min,"
Action, Adventure, Drama            ","

8.0
","606,753",$108.33M
85,Tropa de Elite,(2007),115 min,"
Action, Crime, Drama            ","

8.0
","104,010",$0.01M
86,The Avengers,(2012),143 min,"
Action, Adventure, Sci-Fi            ","

8.0
","1,375,405",$623.28M
87,The Bourne Ultimatum,(2007),115 min,"
Action, Mystery, Thriller            ","

8.0
","632,425",$227.47M
88,Taegukgi hwinalrimyeo,(2004),140 min,"
Action, Drama, War            ","

8.0
","39,766",$1.11M
89,Casino Royale,(2006),144 min,"
Action, Adventure, Thriller            ","

8.0
","652,602",$167.45M
90,Kill Bill: Vol. 2,(2004),137 min,"
Action, Crime, Thriller            ","

8.0
","748,187",$66.21M
91,Mou gaan dou,(2002),101 min,"
Action, Crime, Drama            ","

8.0
","124,568",$0.17M
92,The Incredibles,(2004),115 min,"
Animation, Action, Adventure            ","

8.0
","727,022",$261.44M
93,"Shin seiki Evangelion Gekijô-ban: Air/Magokoro wo, kimi ni",(1997),87 min,"
Animation, Action, Drama            ","

8.0
","54,086",$na
94,Andaz Apna Apna,(1994),160 min,"
Action, Comedy, Romance            ","

8.0
","53,322",$na
95,Akira,(1988),124 min,"
Animation, Action, Drama            ","

8.0
","184,860",$0.55M
96,Sanjuro,(1962),96 min,"
Action, Drama, Thriller            ","

8.0
","38,262",$na
97,Minnal Murali,(2021),158 min,"
Action, Adventure, Comedy            ","

7.9
","29,074",$na
98,Airlift,(2016),130 min,"
Action, Drama, History            ","

7.9
","56,980",$na
99,Baby,(I) (2015),159 min,"
Action, Crime, Thriller            ","

7.9
","57,691",$na
100,Thor: Ragnarok,(2017),130 min,"
Action, Adventure, Comedy            ","

7.9
","734,826",$315.06M
101,Serbuan maut 2: Berandal,(2014),150 min,"
Action, Crime, Thriller            ","

7.9
","123,202",$2.63M
102,Vishwaroopam,(2013),148 min,"
Action, Thriller            ","

7.9
","40,242",$na
103,X-Men: Days of Future Past,(2014),132 min,"
Action, Adventure, Sci-Fi            ","

7.9
","707,292",$233.92M
104,The Batman,(2022),176 min,"
Action, Crime, Drama            ","

7.9
","587,582",$na
105,Edge of Tomorrow,(2014),113 min,"
Action, Adventure, Sci-Fi            ","

7.9
","669,485",$100.21M
106,Nefes: Vatan Sagolsun,(2009),128 min,"
Action, Drama, Thriller            ","

7.9
","33,744",$na
107,District 9,(2009),112 min,"
Action, Sci-Fi, Thriller            ","

7.9
","677,415",$115.65M
108,Star Trek,(2009),127 min,"
Action, Adventure, Sci-Fi            ","

7.9
","601,934",$257.73M
109,Letters from Iwo Jima,(2006),141 min,"
Action, Adventure, Drama            ","

7.9
","162,676",$13.76M
110,Iron Man,(2008),126 min,"
Action, Adventure, Sci-Fi            ","

7.9
","1,045,593",$318.41M
111,Ying xiong,(2002),120 min,"
Action, Adventure, Drama            ","

7.9
","181,275",$53.71M
112,The Bourne Identity,(2002),119 min,"
Action, Mystery, Thriller            ","

7.9
","544,116",$121.66M
113,Children of Men,(2006),109 min,"
Action, Drama, Sci-Fi            ","

7.9
","497,400",$35.55M
114,Wo hu cang long,(2000),120 min,"
Action, Adventure, Drama            ","

7.9
","268,573",$128.08M
115,Knockin' on Heaven's Door,(1997),87 min,"
Action, Crime, Comedy            ","

7.9
","30,608",$0.00M
116,Kôkaku Kidôtai,(1995),83 min,"
Animation, Action, Crime            ","

7.9
","142,314",$0.52M
117,The Blues Brothers,(1980),133 min,"
Action, Adventure, Comedy            ","

7.9
","198,598",$57.23M
118,The Wild Bunch,(1969),145 min,"
Action, Adventure, Western            ","

7.9
","84,651",$12.06M
119,Per un pugno di dollari,(1964),99 min,"
Action, Drama, Western            ","

7.9
","216,498",$14.50M
120,The Adventures of Robin Hood,(1938),102 min,"
Action, Adventure, Romance            ","

7.9
","51,095",$3.98M
121,The Gentlemen,(2019),113 min,"
Action, Comedy, Crime            ","

7.8
","329,890",$36.47M
122,Dunkirk,(2017),106 min,"
Action, Drama, History            ","

7.8
","646,672",$188.37M
123,Rogue One,(2016),133 min,"
Action, Adventure, Sci-Fi            ","

7.8
","621,569",$532.18M
124,Captain America: Civil War,(2016),147 min,"
Action, Adventure, Sci-Fi            ","

7.8
","774,179",$408.08M
125,Star Wars: Episode VII - The Force Awakens,(2015),138 min,"
Action, Adventure, Sci-Fi            ","

7.8
","922,044",$936.66M
126,Big Hero 6,(2014),102 min,"
Animation, Action, Adventure            ","

7.8
","457,199",$222.53M
127,Captain America: The Winter Soldier,(2014),136 min,"
Action, Adventure, Sci-Fi            ","

7.8
","834,168",$259.77M
128,How to Train Your Dragon 2,(2014),102 min,"
Animation, Action, Adventure            ","

7.8
","333,218",$177.00M
129,Ang-ma-reul bo-at-da,(2010),144 min,"
Action, Crime, Drama            ","

7.8
","129,210",$0.13M
130,Captain Phillips,(2013),134 min,"
Action, Biography, Crime            ","

7.8
","456,949",$107.10M
131,Thirteen Lives,(2022),147 min,"
Action, Adventure, Biography            ","

7.8
","37,218",$na
132,Chugyeokja,(2008),125 min,"
Action, Crime, Drama            ","

7.8
","66,212",$na
133,Skyfall,(2012),143 min,"
Action, Adventure, Thriller            ","

7.8
","692,401",$304.36M
134,The Fighter,(I) (2010),116 min,"
Action, Biography, Drama            ","

7.8
","365,637",$93.62M
135,Taken,(I) (2008),90 min,"
Action, Crime, Thriller            ","

7.8
","599,844",$145.00M
136,Drive,(I) (2011),100 min,"
Action, Drama            ","

7.8
","631,272",$35.06M
137,Avatar,(2009),162 min,"
Action, Adventure, Fantasy            ","

7.8
","1,219,904",$760.51M
138,Apocalypto,(2006),139 min,"
Action, Adventure, Drama            ","

7.8
","311,750",$50.87M
139,Hot Fuzz,(2007),121 min,"
Action, Comedy, Mystery            ","

7.8
","502,330",$23.64M
140,Serenity,(2005),119 min,"
Action, Adventure, Sci-Fi            ","

7.8
","295,685",$25.51M
141,The Last Samurai,(2003),154 min,"
Action, Drama            ","

7.8
","437,888",$111.11M
142,Cowboy Bebop: Tengoku no tobira,(2001),115 min,"
Animation, Action, Crime            ","

7.8
","48,771",$1.00M
143,Gongdong gyeongbi guyeok JSA,(2000),110 min,"
Action, Drama, Thriller            ","

7.8
","30,333",$na
144,Jûbê ninpûchô,(1993),94 min,"
Animation, Action, Adventure            ","

7.8
","37,565",$na
145,The Fugitive,(1993),130 min,"
Action, Crime, Drama            ","

7.8
","293,496",$183.88M
146,Batman: Mask of the Phantasm,(1993),76 min,"
Animation, Action, Adventure            ","

7.8
","50,940",$5.62M
147,Dip huet seung hung,(1989),111 min,"
Action, Crime, Drama            ","

7.8
","48,531",$na
148,Predator,(1987),107 min,"
Action, Adventure, Horror            ","

7.8
","418,787",$59.74M
149,Ghostbusters,(1984),105 min,"
Action, Comedy, Fantasy            ","

7.8
","410,801",$238.63M
150,"Aguirre, der Zorn Gottes",(1972),95 min,"
Action, Adventure, Biography            ","

7.8
","57,205",$na
151,Doragon bôru chô: Burorî,(2018),100 min,"
Animation, Action, Adventure            ","

7.7
","27,495",$30.71M
152,Raazi,(2018),138 min,"
Action, Drama, Thriller            ","

7.7
","30,850",$na
153,Deadpool 2,(2018),119 min,"
Action, Adventure, Comedy            ","

7.7
","569,889",$324.59M
154,Mission: Impossible - Fallout,(2018),147 min,"
Action, Adventure, Thriller            ","

7.7
","329,290",$220.16M
155,Udta Punjab,(2016),148 min,"
Action, Crime, Drama            ","

7.7
","30,583",$na
156,Kubo and the Two Strings,(2016),101 min,"
Animation, Action, Adventure            ","

7.7
","128,745",$48.02M
157,Kingsman: The Secret Service,(2014),129 min,"
Action, Adventure, Comedy            ","

7.7
","661,355",$128.26M
158,Ajeossi,(2010),119 min,"
Action, Crime, Drama            ","

7.7
","69,577",$0.01M
159,The Lego Movie,(2014),100 min,"
Animation, Action, Adventure            ","

7.7
","352,733",$257.76M
160,Star Trek Into Darkness,(2013),132 min,"
Action, Adventure, Sci-Fi            ","

7.7
","482,494",$228.78M
161,X: First Class,(2011),131 min,"
Action, Adventure, Sci-Fi            ","

7.7
","688,479",$146.41M
162,3:10 to Yuma,(2007),122 min,"
Action, Crime, Drama            ","

7.7
","310,426",$53.61M
163,Kung fu,(2004),99 min,"
Action, Comedy, Fantasy            ","

7.7
","139,250",$17.11M
164,The Bourne Supremacy,(2004),108 min,"
Action, Mystery, Thriller            ","

7.7
","461,825",$176.24M
165,Man on Fire,(2004),146 min,"
Action, Crime, Drama            ","

7.7
","361,268",$77.91M
166,Black Hawk Down,(2001),144 min,"
Action, Drama, History            ","

7.7
","394,237",$108.64M
167,The Count of Monte Cristo,(2002),131 min,"
Action, Adventure, Drama            ","

7.7
","138,062",$54.23M
168,Minority Report,(2002),145 min,"
Action, Crime, Mystery            ","

7.7
","547,716",$132.07M
169,The Boondock Saints,(1999),108 min,"
Action, Thriller            ","

7.7
","239,142",$0.03M
170,Training Day,(2001),122 min,"
Action, Crime, Drama            ","

7.7
","432,349",$76.63M
171,Lola rennt,(1998),81 min,"
Action, Crime, Thriller            ","

7.7
","198,708",$7.27M
172,The Last of the Mohicans,(1992),112 min,"
Action, Adventure, Drama            ","

7.7
","169,144",$75.51M
173,Lat sau san taam,(1992),128 min,"
Action, Crime, Thriller            ","

7.7
","50,645",$na
174,Star Trek II: The Wrath of Khan,(1982),113 min,"
Action, Adventure, Sci-Fi            ","

7.7
","121,459",$78.91M
175,First Blood,(1982),93 min,"
Action, Adventure, Thriller            ","

7.7
","250,793",$47.21M
176,Badlands,(1973),94 min,"
Action, Crime, Drama            ","

7.7
","72,959",$na
177,The French Connection,(1971),104 min,"
Action, Crime, Drama            ","

7.7
","122,552",$15.63M
178,Dirty Harry,(1971),102 min,"
Action, Crime, Thriller            ","

7.7
","156,283",$35.90M
179,The Dirty Dozen,(1967),150 min,"
Action, Adventure, War            ","

7.7
","73,441",$45.30M
180,Bonnie and Clyde,(1967),111 min,"
Action, Biography, Crime            ","

7.7
","112,884",$na
181,Goldfinger,(1964),110 min,"
Action, Adventure, Thriller            ","

7.7
","189,857",$51.08M
182,The Longest Day,(1962),178 min,"
Action, Drama, History            ","

7.7
","56,008",$39.10M
183,The Magnificent Seven,(1960),128 min,"
Action, Adventure, Western            ","

7.7
","94,918",$4.91M
184,Key Largo,(1948),100 min,"
Action, Crime, Drama            ","

7.7
","41,021",$na
185,Scarface,(1932),93 min,"
Action, Crime, Drama            ","

7.7
","28,051",$na
186,Pushpa: The Rise - Part 1,(2021),179 min,"
Action, Adventure, Crime            ","

7.6
","70,271",$na
187,Ölümlü Dünya,(2018),107 min,"
Action, Comedy, Crime            ","

7.6
","26,798",$na
188,Ludo,(2020),149 min,"
Action, Comedy, Crime            ","

7.6
","39,213",$na
189,Busanhaeng,(2016),118 min,"
Action, Horror, Thriller            ","

7.6
","216,165",$2.13M
190,Hotel Mumbai,(2018),123 min,"
Action, Drama, History            ","

7.6
","63,725",$9.65M
191,Guardians of the Galaxy Vol. 2,(2017),136 min,"
Action, Adventure, Comedy            ","

7.6
","668,974",$389.81M
192,Baby Driver,(2017),113 min,"
Action, Crime, Drama            ","

7.6
","526,952",$107.83M
193,Only the Brave,(2017),134 min,"
Action, Biography, Drama            ","

7.6
","69,306",$18.34M
194,Incredibles 2,(2018),118 min,"
Animation, Action, Adventure            ","

7.6
","293,039",$608.58M
195,Sicario,(2015),121 min,"
Action, Crime, Drama            ","

7.6
","424,889",$46.89M
196,Creed,(II) (2015),133 min,"
Action, Drama, Sport            ","

7.6
","271,677",$109.77M
197,Dawn of the Planet of the Apes,(2014),130 min,"
Action, Adventure, Drama            ","

7.6
","439,431",$208.55M
198,El cuerpo,(2012),112 min,"
Action, Crime, Drama            ","

7.6
","65,780",$na
199,Serbuan maut,(2011),101 min,"
Action, Crime, Thriller            ","

7.6
","204,301",$4.11M
200,End of Watch,(2012),109 min,"
Action, Adventure, Crime            ","

7.6
","247,534",$41.00M
201,Rise of the Planet of the Apes,(2011),105 min,"
Action, Drama, Sci-Fi            ","

7.6
","526,026",$176.76M
202,Kick-Ass,(2010),117 min,"
Action, Comedy, Crime            ","

7.6
","559,289",$48.07M
203,Celda 211,(2009),113 min,"
Action, Crime, Drama            ","

7.6
","67,730",$na
204,Zombieland,(2009),88 min,"
Action, Comedy, Horror            ","

7.6
","571,580",$75.59M
205,Sherlock Holmes,(2009),128 min,"
Action, Adventure, Mystery            ","

7.6
","629,135",$209.03M
206,United 93,(2006),111 min,"
Action, Drama, History            ","

7.6
","106,432",$31.57M
207,Huo Yuan Jia,(2006),104 min,"
Action, Biography, Drama            ","

7.6
","76,082",$24.63M
208,Kung Fu Panda,(2008),92 min,"
Animation, Action, Adventure            ","

7.6
","464,924",$215.43M
209,Harry Potter and the Half-Blood Prince,(2009),153 min,"
Action, Adventure, Family            ","

7.6
","537,567",$301.96M
210,300,(2006),117 min,"
Action, Drama            ","

7.6
","813,978",$210.61M
211,Watchmen,(2009),162 min,"
Action, Drama, Mystery            ","

7.6
","548,232",$107.51M
212,Batoru rowaiaru,(2000),114 min,"
Action, Adventure, Drama            ","

7.6
","182,664",$na
213,Vampire Hunter D: Bloodlust,(2000),103 min,"
Animation, Action, Drama            ","

7.6
","32,147",$0.15M
214,Enemy at the Gates,(2001),131 min,"
Action, Drama, War            ","

7.6
","261,489",$51.40M
215,Star Wars: Episode III - Revenge of the Sith,(2005),140 min,"
Action, Adventure, Fantasy            ","

7.6
","782,651",$380.26M
216,The Fifth Element,(1997),126 min,"
Action, Adventure, Sci-Fi            ","

7.6
","470,569",$63.54M
217,Star Trek: First Contact,(1996),111 min,"
Action, Adventure, Drama            ","

7.6
","125,459",$92.00M
218,Die Hard: With a Vengeance,(1995),128 min,"
Action, Adventure, Thriller            ","

7.6
","385,859",$100.01M
219,Falling Down,(1993),113 min,"
Action, Crime, Drama            ","

7.6
","189,400",$40.90M
220,The Hunt for Red October,(1990),135 min,"
Action, Adventure, Thriller            ","

7.6
","198,943",$122.01M
221,RoboCop,(1987),102 min,"
Action, Crime, Sci-Fi            ","

7.6
","257,202",$53.42M
222,Lethal Weapon,(1987),109 min,"
Action, Crime, Thriller            ","

7.6
","257,622",$65.21M
223,Mad Max 2,(1981),96 min,"
Action, Adventure, Sci-Fi            ","

7.6
","180,299",$12.47M
224,Rupan sansei: Kariosutoro no shiro,(1979),100 min,"
Animation, Action, Adventure            ","

7.6
","30,862",$na
225,Escape from Alcatraz,(1979),112 min,"
Action, Biography, Crime            ","

7.6
","133,490",$43.00M
226,The Taking of Pelham One Two Three,(1974),104 min,"
Action, Crime, Thriller            ","

7.6
","30,925",$2.49M
227,Enter the Dragon,(1973),102 min,"
Action, Crime, Drama            ","

7.6
","104,532",$25.00M
228,Where Eagles Dare,(1968),158 min,"
Action, Adventure, War            ","

7.6
","58,175",$na
229,DC League of Super-Pets,(2022),105 min,"
Animation, Action, Adventure            ","

7.5
","44,262",$na
230,Tanhaji: The Unsung Warrior,(2020),135 min,"
Action, Biography, Drama            ","

7.5
","31,016",$na
231,Upgrade,(2018),100 min,"
Action, Sci-Fi, Thriller            ","

7.5
","184,503",$11.98M
232,Mersal,(2017),172 min,"
Action, Thriller            ","

7.5
","34,422",$na
233,Fury,(2014),134 min,"
Action, Drama, War            ","

7.5
","483,105",$85.82M
234,The Hunger Games: Catching Fire,(2013),146 min,"
Action, Adventure, Sci-Fi            ","

7.5
","659,385",$424.67M
235,Delhi Belly,(2011),103 min,"
Action, Comedy, Crime            ","

7.5
","30,192",$1.53M
236,Waar,(2013),130 min,"
Action, Crime, Drama            ","

7.5
","29,758",$na
237,Hodejegerne,(2011),100 min,"
Action, Crime, Thriller            ","

7.5
","102,238",$1.20M
238,Jûsan-nin no shikaku,(2010),141 min,"
Action, Adventure, Drama            ","

7.5
","65,663",$0.80M
239,Yip Man 2,(2010),108 min,"
Action, Biography, Drama            ","

7.5
","105,118",$0.21M
240,Bullet Train,(2022),127 min,"
Action, Comedy, Thriller            ","

7.5
","72,680",$na
241,L'instinct de mort,(2008),113 min,"
Action, Biography, Crime            ","

7.5
","33,824",$0.55M
242,Doctor Strange,(2016),115 min,"
Action, Adventure, Fantasy            ","

7.5
","730,510",$232.64M
243,Retfærdighedens ryttere,(2020),116 min,"
Action, Comedy, Drama            ","

7.5
","49,113",$na
244,Lone Survivor,(2013),121 min,"
Action, Biography, Drama            ","

7.5
","286,736",$125.10M
245,Source Code,(2011),93 min,"
Action, Drama, Mystery            ","

7.5
","517,545",$54.71M
246,Grindhouse,(2007),191 min,"
Action, Horror, Thriller            ","

7.5
","184,619",$25.04M
247,Dalkomhan insaeng,(2005),119 min,"
Action, Crime, Drama            ","

7.5
","40,363",$na
248,Jodhaa Akbar,(2008),213 min,"
Action, Drama, History            ","

7.5
","32,679",$3.44M
249,Scott Pilgrim vs. the World,(2010),112 min,"
Action, Comedy, Fantasy            ","

7.5
","422,556",$31.49M
250,Munich,(2005),164 min,"
Action, Drama, History            ","

7.5
","226,603",$47.40M
251,Shi mian mai fu,(2004),119 min,"
Action, Adventure, Drama            ","

7.5
","112,215",$11.05M
252,Harry Potter and the Order of the Phoenix,(2007),138 min,"
Action, Adventure, Family            ","

7.5
","573,804",$292.00M
253,Collateral,(2004),120 min,"
Action, Crime, Drama            ","

7.5
","399,473",$101.01M
254,Zatôichi,(2003),116 min,"
Action, Comedy, Crime            ","

7.5
","49,689",$0.85M
255,Jui kuen II,(1994),102 min,"
Action, Comedy            ","

7.5
","46,115",$11.55M
256,The Crow,(1994),102 min,"
Action, Crime, Drama            ","

7.5
","183,116",$50.69M
257,Total Recall,(1990),113 min,"
Action, Adventure, Sci-Fi            ","

7.5
","328,990",$119.39M
258,Batman,(1989),126 min,"
Action, Adventure            ","

7.5
","375,314",$251.19M
259,Midnight Run,(1988),126 min,"
Action, Comedy, Crime            ","

7.5
","86,421",$38.41M
260,Ging chaat goo si,(1985),100 min,"
Action, Comedy, Crime            ","

7.5
","36,531",$0.11M
261,Indiana Jones and the Temple of Doom,(1984),118 min,"
Action, Adventure            ","

7.5
","484,265",$179.87M
262,The Warriors,(1979),93 min,"
Action, Crime, Thriller            ","

7.5
","102,637",$22.49M
263,Tora! Tora! Tora!,(1970),144 min,"
Action, Drama, History            ","

7.5
","34,526",$29.55M
264,It's a Mad Mad Mad Mad World,(1963),210 min,"
Action, Adventure, Comedy            ","

7.5
","42,022",$46.30M
265,The Guns of Navarone,(1961),158 min,"
Action, Adventure, Drama            ","

7.5
","51,315",$28.90M
266,Shang-Chi and the Legend of the Ten Rings,(2021),132 min,"
Action, Adventure, Fantasy            ","

7.4
","370,114",$224.54M
267,Nobody,(I) (2021),92 min,"
Action, Crime, Drama            ","

7.4
","240,841",$27.27M
268,Spider-Man: Far from Home,(2019),129 min,"
Action, Adventure, Sci-Fi            ","

7.4
","480,303",$390.53M
269,John Wick: Chapter 3 - Parabellum,(2019),130 min,"
Action, Crime, Thriller            ","

7.4
","336,215",$171.02M
270,John Wick: Chapter 2,(2017),122 min,"
Action, Crime, Thriller            ","

7.4
","424,745",$92.03M
271,The Last Duel,(2021),152 min,"
Action, Drama, History            ","

7.4
","150,372",$na
272,War for the Planet of the Apes,(2017),140 min,"
Action, Adventure, Drama            ","

7.4
","255,037",$146.88M
273,John Wick,(2014),101 min,"
Action, Crime, Thriller            ","

7.4
","620,487",$43.04M
274,Predestination,(I) (2014),97 min,"
Action, Drama, Sci-Fi            ","

7.4
","281,272",$0.07M
275,How to Train Your Dragon: The Hidden World,(2019),104 min,"
Animation, Action, Adventure            ","

7.4
","127,341",$160.80M
276,Mission: Impossible - Rogue Nation,(2015),131 min,"
Action, Adventure, Thriller            ","

7.4
","371,097",$195.04M
277,Spider-Man: Homecoming,(2017),133 min,"
Action, Adventure, Sci-Fi            ","

7.4
","645,370",$334.20M
278,Rurôni Kenshin: Meiji kenkaku roman tan,(2012),134 min,"
Action, Adventure, Drama            ","

7.4
","26,416",$na
279,Ready Player One,(2018),140 min,"
Action, Adventure, Sci-Fi            ","

7.4
","429,636",$137.69M
280,Sherlock Holmes: A Game of Shadows,(2011),129 min,"
Action, Adventure, Mystery            ","

7.4
","452,230",$186.85M
281,Samâ uôzu,(2009),114 min,"
Animation, Action, Adventure            ","

7.4
","29,630",$0.08M
282,Looper,(2012),119 min,"
Action, Drama, Sci-Fi            ","

7.4
","572,597",$66.49M
283,Mission: Impossible - Ghost Protocol,(2011),132 min,"
Action, Thriller            ","

7.4
","488,171",$209.40M
284,Law Abiding Citizen,(2009),109 min,"
Action, Crime, Drama            ","

7.4
","295,829",$73.34M
285,Wonder Woman,(2017),141 min,"
Action, Adventure, Fantasy            ","

7.4
","649,610",$412.56M
286,L'ennemi public n°1,(2008),133 min,"
Action, Biography, Crime            ","

7.4
","29,937",$0.28M
287,A History of Violence,(2005),96 min,"
Action, Crime, Drama            ","

7.4
","238,680",$31.49M
288,Spider-Man 2,(2004),127 min,"
Action, Adventure, Sci-Fi            ","

7.4
","645,556",$373.59M
289,Open Range,(2003),139 min,"
Action, Drama, Romance            ","

7.4
","73,287",$58.33M
290,Master and Commander: The Far Side of the World,(2003),138 min,"
Action, Adventure, Drama            ","

7.4
","220,842",$93.93M
291,X2,(2003),134 min,"
Action, Sci-Fi, Thriller            ","

7.4
","547,310",$214.95M
292,Spider-Man,(2002),121 min,"
Action, Adventure, Sci-Fi            ","

7.4
","808,462",$403.71M
293,The Rock,(1996),136 min,"
Action, Adventure, Thriller            ","

7.4
","337,014",$134.07M
294,Thief,(1981),123 min,"
Action, Crime, Drama            ","

7.4
","32,282",$11.49M
295,Zui quan,(1978),111 min,"
Action, Comedy            ","

7.4
","40,301",$na
296,Superman,(1978),143 min,"
Action, Adventure, Sci-Fi            ","

7.4
","174,456",$134.22M
297,Get Carter,(1971),112 min,"
Action, Crime, Thriller            ","

7.4
","33,856",$0.39M
298,Bullitt,(1968),114 min,"
Action, Crime, Thriller            ","

7.4
","68,988",$42.30M
299,From Russia with Love,(1963),115 min,"
Action, Adventure, Thriller            ","

7.4
","134,497",$24.80M
300,El Camino: A Breaking Bad Movie,(2019),122 min,"
Action, Crime, Drama            ","

7.3
","241,224",$na
301,Tenet,(2020),150 min,"
Action, Sci-Fi, Thriller            ","

7.3
","487,451",$58.46M
302,Raya and the Last Dragon,(2021),107 min,"
Animation, Action, Adventure            ","

7.3
","148,287",$na
303,Patriots Day,(2016),133 min,"
Action, Crime, Drama            ","

7.3
","102,687",$31.89M
304,13 Hours,(2016),144 min,"
Action, Drama, History            ","

7.3
","141,674",$52.85M
305,The Lego Batman Movie,(2017),104 min,"
Animation, Action, Adventure            ","

7.3
","150,517",$175.75M
306,Okja,(2017),120 min,"
Action, Adventure, Drama            ","

7.3
","120,877",$na
307,The Nice Guys,(2016),116 min,"
Action, Comedy, Crime            ","

7.3
","323,701",$36.26M
308,Avengers: Age of Ultron,(2015),141 min,"
Action, Adventure, Sci-Fi            ","

7.3
","851,223",$459.01M
309,No Time to Die,(2021),163 min,"
Action, Adventure, Thriller            ","

7.3
","387,216",$160.87M
310,American Sniper,(2014),133 min,"
Action, Biography, Drama            ","

7.3
","483,251",$350.13M
311,The Accountant,(2016),128 min,"
Action, Thriller            ","

7.3
","294,665",$86.26M
312,Eye in the Sky,(2015),102 min,"
Action, Drama, Thriller            ","

7.3
","86,373",$18.70M
313,Black Panther,(2018),134 min,"
Action, Adventure, Sci-Fi            ","

7.3
","745,283",$700.06M
314,Southpaw,(2015),124 min,"
Action, Crime, Drama            ","

7.3
","236,096",$52.42M
315,Fast Five,(2011),130 min,"
Action, Crime, Thriller            ","

7.3
","379,624",$209.84M
316,The Next Three Days,(2010),133 min,"
Action, Crime, Drama            ","

7.3
","196,935",$21.15M
317,Black Dynamite,(2009),84 min,"
Action, Comedy            ","

7.3
","49,190",$0.23M
318,Ghajini,(2008),186 min,"
Action, Drama, Mystery            ","

7.3
","61,501",$2.43M
319,Master,(2021),178 min,"
Action, Thriller            ","

7.3
","74,497",$na
320,Max Manus,(2008),118 min,"
Action, Biography, Drama            ","

7.3
","28,318",$na
321,Megamind,(2010),95 min,"
Animation, Action, Comedy            ","

7.3
","259,089",$148.42M
322,The Adventures of Tintin,(2011),107 min,"
Animation, Action, Adventure            ","

7.3
","230,705",$77.59M
323,Der Baader Meinhof Komplex,(2008),150 min,"
Action, Biography, Crime            ","

7.3
","38,158",$0.48M
324,Ant-Man,(2015),117 min,"
Action, Adventure, Comedy            ","

7.3
","656,749",$180.20M
325,Alita: Battle Angel,(2019),122 min,"
Action, Adventure, Sci-Fi            ","

7.3
","264,505",$85.71M
326,Chi bi,(2008),288 min,"
Action, Adventure, Drama            ","

7.3
","46,432",$0.63M
327,Running Scared,(2006),122 min,"
Action, Crime, Drama            ","

7.3
","100,276",$6.86M
328,Pirates of the Caribbean: Dead Man's Chest,(2006),151 min,"
Action, Adventure, Fantasy            ","

7.3
","712,637",$423.32M
329,Layer Cake,(2004),105 min,"
Action, Crime, Drama            ","

7.3
","180,497",$2.34M
330,Dawn of the Dead,(2004),101 min,"
Action, Horror            ","

7.3
","254,421",$59.02M
331,Siu Lam juk kau,(2001),113 min,"
Action, Comedy, Fantasy            ","

7.3
","80,616",$0.49M
332,Equilibrium,(2002),107 min,"
Action, Drama, Sci-Fi            ","

7.3
","328,866",$1.20M
333,X-Men,(2000),104 min,"
Action, Adventure, Sci-Fi            ","

7.3
","611,756",$157.30M
334,The Negotiator,(1998),140 min,"
Action, Crime, Drama            ","

7.3
","142,785",$44.48M
335,Enemy of the State,(1998),132 min,"
Action, Thriller            ","

7.3
","243,851",$111.55M
336,Starship Troopers,(1997),129 min,"
Action, Adventure, Sci-Fi            ","

7.3
","294,225",$54.81M
337,Men in Black,(1997),98 min,"
Action, Adventure, Comedy            ","

7.3
","563,531",$250.69M
338,Grosse Pointe Blank,(1997),107 min,"
Action, Comedy, Crime            ","

7.3
","94,856",$28.01M
339,Face/Off,(1997),138 min,"
Action, Crime, Sci-Fi            ","

7.3
","375,739",$112.23M
340,Crimson Tide,(1995),116 min,"
Action, Drama, Thriller            ","

7.3
","112,960",$91.40M
341,True Lies,(1994),141 min,"
Action, Comedy, Thriller            ","

7.3
","257,175",$146.28M
342,Speed,(1994),116 min,"
Action, Adventure, Thriller            ","

7.3
","361,799",$121.25M
343,Nikita,(1990),117 min,"
Action, Thriller            ","

7.3
","72,295",$5.02M
344,Star Trek IV: The Voyage Home,(1986),119 min,"
Action, Adventure, Comedy            ","

7.3
","85,631",$109.71M
345,To Live and Die in L.A.,(1985),116 min,"
Action, Crime, Drama            ","

7.3
","33,893",$17.31M
346,The Karate Kid,(1984),126 min,"
Action, Drama, Family            ","

7.3
","223,146",$90.82M
347,Beverly Hills Cop,(1984),105 min,"
Action, Comedy, Crime            ","

7.3
","183,127",$234.76M
348,Assault on Precinct 13,(1976),91 min,"
Action, Crime, Thriller            ","

7.3
","50,544",$na
349,The Getaway,(1972),123 min,"
Action, Crime, Thriller            ","

7.3
","32,464",$36.73M
350,Jason and the Argonauts,(1963),104 min,"
Action, Adventure, Family            ","

7.3
","28,152",$4.58M
351,The Suicide Squad,(2021),132 min,"
Action, Adventure, Comedy            ","

7.2
","340,933",$na
352,Anthropoid,(2016),120 min,"
Action, Biography, Drama            ","

7.2
","48,815",$2.96M
353,The Siege of Jadotville,(2016),108 min,"
Action, Drama, History            ","

7.2
","39,852",$na
354,Bajirao Mastani,(2015),158 min,"
Action, Drama, History            ","

7.2
","35,236",$6.56M
355,La isla mínima,(2014),105 min,"
Action, Crime, Mystery            ","

7.2
","33,908",$na
356,'71,(2014),99 min,"
Action, Crime, Drama            ","

7.2
","56,363",$1.27M
357,Holiday,(2014),160 min,"
Action, Crime, Thriller            ","

7.2
","28,481",$0.71M
358,Unbroken,(I) (2014),137 min,"
Action, Biography, Drama            ","

7.2
","167,411",$115.64M
359,The Man from U.N.C.L.E.,(2015),116 min,"
Action, Adventure, Comedy            ","

7.2
","305,526",$45.45M
360,Kon-Tiki,(2012),118 min,"
Action, Adventure, Biography            ","

7.2
","49,274",$1.52M
361,War Horse,(2011),146 min,"
Action, Adventure, Drama            ","

7.2
","157,319",$79.88M
362,Rise of the Guardians,(2012),97 min,"
Animation, Action, Adventure            ","

7.2
","174,391",$103.41M
363,The Hunger Games,(2012),142 min,"
Action, Adventure, Sci-Fi            ","

7.2
","909,662",$408.01M
364,Kung Fu Panda 2,(2011),90 min,"
Animation, Action, Adventure            ","

7.2
","282,848",$165.25M
365,Harry Brown,(2009),103 min,"
Action, Crime, Drama            ","

7.2
","87,767",$1.82M
366,21 Jump Street,(2012),109 min,"
Action, Comedy, Crime            ","

7.2
","553,926",$138.45M
367,Rango,(2011),107 min,"
Animation, Action, Adventure            ","

7.2
","263,509",$123.48M
368,Prey,(I) (2022),99 min,"
Action, Adventure, Drama            ","

7.2
","146,649",$na
369,The Witcher: Nightmare of the Wolf,(2021),83 min,"
Animation, Action, Adventure            ","

7.2
","43,247",$na
370,RocknRolla,(2008),114 min,"
Action, Crime, Thriller            ","

7.2
","251,358",$5.69M
371,Joheunnom nabbeunnom isanghannom,(2008),139 min,"
Action, Adventure, Comedy            ","

7.2
","35,916",$0.13M
372,Shooter,(I) (2007),124 min,"
Action, Drama, Thriller            ","

7.2
","332,800",$47.00M
373,I Am Legend,(2007),101 min,"
Action, Drama, Sci-Fi            ","

7.2
","749,846",$256.39M
374,The Equalizer,(2014),132 min,"
Action, Crime, Thriller            ","

7.2
","368,401",$101.53M
375,Mongol,(2007),126 min,"
Action, Biography, Drama            ","

7.2
","46,925",$5.70M
376,Friday Night Lights,(2004),118 min,"
Action, Drama, Sport            ","

7.2
","63,473",$61.26M
377,Fainaru fantajî sebun adobento chirudoren,(2005),101 min,"
Animation, Action, Adventure            ","

7.2
","56,629",$na
378,Team America: World Police,(2004),98 min,"
Action, Comedy            ","

7.2
","169,270",$32.79M
379,The Life Aquatic with Steve Zissou,(2004),119 min,"
Action, Adventure, Comedy            ","

7.2
","196,841",$24.01M
380,King Kong,(2005),187 min,"
Action, Adventure, Drama            ","

7.2
","421,262",$218.08M
381,Kingdom of Heaven,(2005),144 min,"
Action, Adventure, Drama            ","

7.2
","287,357",$47.40M
382,The Matrix Reloaded,(2003),138 min,"
Action, Sci-Fi            ","

7.2
","590,723",$281.49M
383,The Patriot,(2000),165 min,"
Action, Drama, History            ","

7.2
","274,134",$113.33M
384,Arlington Road,(1999),117 min,"
Action, Crime, Drama            ","

7.2
","86,865",$24.36M
385,Ronin,(1998),122 min,"
Action, Crime, Thriller            ","

7.2
","183,776",$41.62M
386,From Dusk Till Dawn,(1996),108 min,"
Action, Crime, Horror            ","

7.2
","312,491",$25.75M
387,GoldenEye,(1995),130 min,"
Action, Adventure, Thriller            ","

7.2
","256,632",$106.60M
388,Natural Born Killers,(1994),119 min,"
Action, Crime, Drama            ","

7.2
","234,341",$50.28M
389,In the Line of Fire,(1993),128 min,"
Action, Crime, Drama            ","

7.2
","104,012",$102.31M
390,Star Trek VI: The Undiscovered Country,(1991),110 min,"
Action, Adventure, Sci-Fi            ","

7.2
","75,937",$74.89M
391,Point Break,(1991),122 min,"
Action, Crime, Thriller            ","

7.2
","181,790",$43.22M
392,Lethal Weapon 2,(1989),114 min,"
Action, Crime, Thriller            ","

7.2
","175,848",$147.25M
393,Willow,(1988),126 min,"
Action, Adventure, Drama            ","

7.2
","114,084",$57.27M
394,They Live,(1988),94 min,"
Action, Horror, Sci-Fi            ","

7.2
","129,169",$13.01M
395,The Transformers: The Movie,(1986),84 min,"
Animation, Action, Adventure            ","

7.2
","39,840",$5.85M
396,The Hitcher,(1986),97 min,"
Action, Thriller            ","

7.2
","48,019",$5.84M
397,Big Trouble in Little China,(1986),99 min,"
Action, Adventure, Comedy            ","

7.2
","140,106",$11.10M
398,Silverado,(1985),133 min,"
Action, Crime, Drama            ","

7.2
","44,654",$33.20M
399,Runaway Train,(1985),111 min,"
Action, Adventure, Drama            ","

7.2
","29,649",$7.94M
400,Magnum Force,(1973),124 min,"
Action, Crime, Mystery            ","

7.2
","61,921",$4.56M
401,Meng long guo jiang,(1972),99 min,"
Action, Adventure, Comedy            ","

7.2
","37,299",$4.06M
402,Jing wu men,(1972),106 min,"
Action, Drama, Romance            ","

7.2
","30,673",$1.29M
403,Vanishing Point,(1971),99 min,"
Action, Crime, Thriller            ","

7.2
","28,718",$na
404,The Italian Job,(1969),99 min,"
Action, Comedy, Crime            ","

7.2
","46,399",$na
405,Django,(1966),91 min,"
Action, Western            ","

7.2
","28,073",$0.03M
406,Dr. No,(1962),110 min,"
Action, Adventure, Thriller            ","

7.2
","166,682",$16.07M
407,Mosul,(I) (2019),86 min,"
Action, Drama, War            ","

7.1
","26,732",$na
408,Free Guy,(2021),115 min,"
Action, Adventure, Comedy            ","

7.1
","358,403",$121.63M
409,Brawl in Cell Block 99,(2017),132 min,"
Action, Crime, Drama            ","

7.1
","66,540",$na
410,Kaabil,(2017),139 min,"
Action, Crime, Drama            ","

7.1
","27,005",$na
411,Sicario: Day of the Soldado,(2018),122 min,"
Action, Adventure, Crime            ","

7.1
","146,678",$50.07M
412,Allied,(2016),124 min,"
Action, Drama, Romance            ","

7.1
","156,294",$40.10M
413,American Made,(2017),114 min,"
Action, Comedy, Crime            ","

7.1
","182,389",$51.34M
414,Fast & Furious 7,(2015),137 min,"
Action, Crime, Thriller            ","

7.1
","388,165",$353.01M
415,Everest,(2015),121 min,"
Action, Adventure, Biography            ","

7.1
","217,161",$43.48M
416,Kraftidioten,(2014),116 min,"
Action, Comedy, Crime            ","

7.1
","27,247",$0.05M
417,Gabbar Is Back,(2015),128 min,"
Action, Crime, Drama            ","

7.1
","25,174",$na
418,Kung Fu Panda 3,(2016),95 min,"
Animation, Action, Adventure            ","

7.1
","157,635",$143.53M
419,Dragon Ball Z: Doragon bôru Z - Kami to Kami,(2013),85 min,"
Animation, Action, Adventure            ","

7.1
","28,181",$2.55M
420,God Bless America,(2011),105 min,"
Action, Comedy, Crime            ","

7.1
","70,252",$0.12M
421,Batman v Superman: Dawn of Justice (Ultimate Edition),(2016),182 min,"
Action, Adventure, Sci-Fi            ","

7.1
","55,746",$na
422,Deepwater Horizon,(2016),107 min,"
Action, Drama, History            ","

7.1
","168,386",$61.43M
423,Snowpiercer,(2013),126 min,"
Action, Sci-Fi, Thriller            ","

7.1
","358,392",$4.56M
424,Dredd,(2012),95 min,"
Action, Crime, Sci-Fi            ","

7.1
","274,092",$13.41M
425,Enthiran,(2010),155 min,"
Action, Sci-Fi, Thriller            ","

7.1
","27,644",$4.37M
426,Iron Man Three,(2013),130 min,"
Action, Adventure, Sci-Fi            ","

7.1
","840,272",$409.01M
427,Flickan som lekte med elden,(2009),129 min,"
Action, Crime, Drama            ","

7.1
","95,381",$9.08M
428,Micmacs à tire-larigot,(2009),105 min,"
Action, Comedy, Crime            ","

7.1
","30,364",$1.26M
429,JCVD,(2008),97 min,"
Action, Comedy, Crime            ","

7.1
","39,071",$0.47M
430,The Northman,(2022),137 min,"
Action, Adventure, Drama            ","

7.1
","167,711",$na
431,Wrath of Man,(2021),119 min,"
Action, Crime, Thriller            ","

7.1
","172,059",$na
432,Planet Terror,(2007),105 min,"
Action, Comedy, Horror            ","

7.1
","210,764",$na
433,Defiance,(I) (2008),137 min,"
Action, Drama, History            ","

7.1
","147,961",$28.64M
434,Man of Steel,(2013),143 min,"
Action, Adventure, Sci-Fi            ","

7.1
","763,184",$291.05M
435,Rocky Balboa,(2006),102 min,"
Action, Drama, Sport            ","

7.1
","216,140",$70.27M
436,Gwoemul,(2006),120 min,"
Action, Drama, Horror            ","

7.1
","121,176",$2.20M
437,Don,(I) (2006),178 min,"
Action, Crime, Thriller            ","

7.1
","37,416",$0.80M
438,Deja Vu,(2006),126 min,"
Action, Crime, Sci-Fi            ","

7.1
","310,606",$64.04M
439,Pirates of the Caribbean: At World's End,(2007),169 min,"
Action, Adventure, Fantasy            ","

7.1
","646,398",$309.42M
440,Fanaa,(2006),168 min,"
Action, Drama, Romance            ","

7.1
","33,150",$2.10M
441,Flags of Our Fathers,(2006),135 min,"
Action, Adventure, Drama            ","

7.1
","123,683",$33.60M
442,Banlieue 13,(2004),84 min,"
Action, Crime, Sci-Fi            ","

7.1
","70,471",$1.20M
443,Ong-bak,(2003),108 min,"
Action, Crime, Thriller            ","

7.1
","74,839",$4.56M
444,"I, Robot",(2004),115 min,"
Action, Mystery, Sci-Fi            ","

7.1
","536,471",$144.80M
445,Live Free or Die Hard,(2007),128 min,"
Action, Thriller            ","

7.1
","405,271",$134.53M
446,We Were Soldiers,(2002),138 min,"
Action, Drama, History            ","

7.1
","141,911",$78.12M
447,Pitch Black,(2000),109 min,"
Action, Horror, Sci-Fi            ","

7.1
","239,503",$39.24M
448,Payback,(I) (1999),100 min,"
Action, Crime, Drama            ","

7.1
","138,844",$81.53M
449,The Mummy,(1999),124 min,"
Action, Adventure, Fantasy            ","

7.1
","426,008",$155.25M
450,Blade,(1998),120 min,"
Action, Horror, Sci-Fi            ","

7.1
","272,136",$70.09M
451,Three Kings,(1999),114 min,"
Action, Adventure, Comedy            ","

7.1
","171,563",$60.65M
452,Mission: Impossible,(1996),110 min,"
Action, Adventure, Thriller            ","

7.1
","424,295",$180.98M
453,Desperado,(1995),104 min,"
Action, Crime, Thriller            ","

7.1
","185,868",$25.63M
454,Batman Returns,(1992),126 min,"
Action, Crime, Fantasy            ","

7.1
","303,639",$162.83M
455,Die Hard 2,(1990),124 min,"
Action, Thriller            ","

7.1
","360,224",$117.54M
456,Casualties of War,(1989),113 min,"
Action, Crime, Drama            ","

7.1
","44,573",$18.67M
457,No Way Out,(1987),114 min,"
Action, Crime, Drama            ","

7.1
","40,639",$35.51M
458,Highlander,(1986),116 min,"
Action, Adventure, Fantasy            ","

7.1
","135,263",$5.90M
459,WarGames,(1983),114 min,"
Action, Drama, Sci-Fi            ","

7.1
","100,256",$79.57M
460,Escape from New York,(1981),99 min,"
Action, Adventure, Sci-Fi            ","

7.1
","141,932",$25.24M
461,The Poseidon Adventure,(1972),117 min,"
Action, Adventure, Drama            ","

7.1
","45,541",$84.56M
462,Doctor Strange in the Multiverse of Madness,(2022),126 min,"
Action, Adventure, Fantasy            ","

7.0
","372,235",$na
463,Kabir Singh,(2019),173 min,"
Action, Drama, Romance            ","

7.0
","32,984",$na
464,Greyhound,(2020),91 min,"
Action, Drama, History            ","

7.0
","95,830",$na
465,Logan Lucky,(2017),118 min,"
Action, Comedy, Crime            ","

7.0
","149,315",$27.78M
466,Ant-Man and the Wasp,(2018),118 min,"
Action, Adventure, Comedy            ","

7.0
","393,447",$216.65M
467,Sultan,(2016),170 min,"
Action, Drama, Sport            ","

7.0
","46,364",$6.20M
468,Spy,(2015),120 min,"
Action, Comedy            ","

7.0
","244,714",$110.83M
469,A Most Violent Year,(2014),125 min,"
Action, Crime, Drama            ","

7.0
","72,640",$5.74M
470,Yip Man 3,(2015),105 min,"
Action, Biography, Drama            ","

7.0
","55,506",$2.68M
471,Star Trek Beyond,(2016),122 min,"
Action, Adventure, Sci-Fi            ","

7.0
","245,661",$158.85M
472,22 Jump Street,(2014),112 min,"
Action, Comedy, Crime            ","

7.0
","375,046",$191.72M
473,Yip Man 4,(2019),107 min,"
Action, Biography, Drama            ","

7.0
","32,196",$3.96M
474,Furious 6,(2013),130 min,"
Action, Adventure, Crime            ","

7.0
","393,230",$238.68M
475,Chronicle,(2012),89 min,"
Action, Drama, Sci-Fi            ","

7.0
","251,536",$64.58M
476,Super 8,(2011),112 min,"
Action, Mystery, Sci-Fi            ","

7.0
","353,799",$127.00M
477,Yip Man chin chyun,(2010),100 min,"
Action, Biography, Drama            ","

7.0
","32,269",$na
478,The Foreigner,(I) (2017),113 min,"
Action, Thriller            ","

7.0
","114,330",$34.39M
479,Oblivion,(I) (2013),124 min,"
Action, Adventure, Sci-Fi            ","

7.0
","521,310",$89.02M
480,Filth,(I) (2013),97 min,"
Action, Comedy, Crime            ","

7.0
","109,101",$0.03M
481,Don 2,(2011),148 min,"
Action, Crime, Thriller            ","

7.0
","53,123",$3.68M
482,Den of Thieves,(2018),140 min,"
Action, Crime, Drama            ","

7.0
","111,318",$44.95M
483,RED,(2010),111 min,"
Action, Comedy, Crime            ","

7.0
","308,154",$90.38M
484,Bronson,(2008),92 min,"
Action, Biography, Crime            ","

7.0
","131,263",$0.10M
485,Public Enemies,(2009),140 min,"
Action, Biography, Crime            ","

7.0
","302,257",$97.10M
486,The Unbearable Weight of Massive Talent,(2022),107 min,"
Action, Comedy, Crime            ","

7.0
","69,544",$na
487,Cloverfield,(2008),85 min,"
Action, Horror, Sci-Fi            ","

7.0
","397,282",$80.05M
488,Death Proof,(2007),127 min,"
Action, Thriller            ","

7.0
","290,044",$na
489,Tropic Thunder,(2008),107 min,"
Action, Comedy, War            ","

7.0
","412,895",$110.52M
490,Tau ming chong,(2007),126 min,"
Action, Adventure, Drama            ","

7.0
","26,974",$0.13M
491,Son of Rambow,(2007),96 min,"
Action, Adventure, Comedy            ","

7.0
","31,972",$1.78M
492,World War Z,(2013),116 min,"
Action, Adventure, Horror            ","

7.0
","659,025",$202.36M
493,Thor,(2011),115 min,"
Action, Adventure, Fantasy            ","

7.0
","839,298",$181.03M
494,Jack Reacher,(2012),130 min,"
Action, Mystery, Thriller            ","

7.0
","340,007",$80.07M
495,Body of Lies,(2008),128 min,"
Action, Drama, Thriller            ","

7.0
","228,696",$39.39M
496,Man cheng jin dai huang jin jia,(2006),114 min,"
Action, Drama, History            ","

7.0
","44,308",$6.57M
497,9,(I) (2009),79 min,"
Animation, Action, Adventure            ","

7.0
","140,154",$31.74M
498,Rambo,(2008),92 min,"
Action, Adventure, Thriller            ","

7.0
","231,361",$42.75M
499,Shazam!,(2019),132 min,"
Action, Adventure, Comedy            ","

7.0
","329,210",$140.37M
500,Real Steel,(2011),127 min,"
Action, Drama, Sci-Fi            ","

7.0
","326,991",$85.47M
501,The Kingdom,(2007),110 min,"
Action, Drama, Thriller            ","

7.0
","125,761",$47.54M
502,Tom yum goong,(2005),111 min,"
Action, Crime, Drama            ","

7.0
","37,484",$11.91M
503,Transformers,(2007),144 min,"
Action, Adventure, Sci-Fi            ","

7.0
","633,938",$319.25M
504,Hellboy II: The Golden Army,(2008),120 min,"
Action, Adventure, Fantasy            ","

7.0
","271,082",$75.75M
505,Constantine,(2005),121 min,"
Action, Fantasy, Horror            ","

7.0
","341,928",$75.98M
506,Main Hoon Na,(2004),179 min,"
Action, Comedy, Drama            ","

7.0
","35,865",$1.72M
507,Unleashed,(2005),103 min,"
Action, Crime, Drama            ","

7.0
","103,137",$24.52M
508,Underworld,(2003),121 min,"
Action, Fantasy, Thriller            ","

7.0
","269,450",$51.97M
509,The Italian Job,(2003),111 min,"
Action, Crime, Thriller            ","

7.0
","366,934",$106.13M
510,Koroshiya 1,(2001),129 min,"
Action, Crime, Drama            ","

7.0
","56,282",$0.02M
511,Spy Game,(2001),126 min,"
Action, Crime, Thriller            ","

7.0
","157,171",$0.03M
512,Le pacte des loups,(2001),142 min,"
Action, Adventure, Drama            ","

7.0
","66,855",$11.26M
513,Rush Hour,(1998),98 min,"
Action, Comedy, Crime            ","

7.0
","266,216",$141.15M
514,Fallen,(1998),124 min,"
Action, Crime, Drama            ","

7.0
","83,223",$25.19M
515,Independence Day,(1996),145 min,"
Action, Adventure, Sci-Fi            ","

7.0
","572,392",$306.17M
516,Stargate,(1994),116 min,"
Action, Adventure, Sci-Fi            ","

7.0
","190,285",$71.57M
517,Maverick,(1994),127 min,"
Action, Adventure, Comedy            ","

7.0
","111,823",$101.63M
518,Dragon: The Bruce Lee Story,(1993),120 min,"
Action, Biography, Drama            ","

7.0
","31,221",$35.11M
519,Juice,(1992),95 min,"
Action, Crime, Drama            ","

7.0
","27,339",$20.15M
520,The Last Boy Scout,(1991),105 min,"
Action, Comedy, Crime            ","

7.0
","103,233",$59.51M
521,The Spy Who Loved Me,(1977),125 min,"
Action, Adventure, Thriller            ","

7.0
","108,826",$46.80M
522,The Towering Inferno,(1974),165 min,"
Action, Drama, Thriller            ","

7.0
","43,943",$116.00M
523,The War of the Worlds,(1953),85 min,"
Action, Sci-Fi, Thriller            ","

7.0
","35,902",$4.36M
524,Outlaw King,(2018),121 min,"
Action, Biography, Drama            ","

6.9
","71,682",$na
525,Dragged Across Concrete,(2018),158 min,"
Action, Thriller            ","

6.9
","46,255",$na
526,The Night Comes for Us,(2018),121 min,"
Action, Thriller            ","

6.9
","26,153",$na
527,Solo: A Star Wars Story,(2018),135 min,"
Action, Adventure, Sci-Fi            ","

6.9
","341,420",$213.77M
528,Fan,(I) (2016),142 min,"
Action, Drama, Thriller            ","

6.9
","45,795",$1.36M
529,X-Men: Apocalypse,(2016),144 min,"
Action, Adventure, Sci-Fi            ","

6.9
","431,368",$155.44M
530,Slow West,(2015),84 min,"
Action, Adventure, Drama            ","

6.9
","45,693",$0.23M
531,Game Night,(I) (2018),100 min,"
Action, Adventure, Comedy            ","

6.9
","233,496",$69.18M
532,Star Wars: Episode VIII - The Last Jedi,(2017),152 min,"
Action, Adventure, Fantasy            ","

6.9
","624,132",$620.18M
533,Jumanji: Welcome to the Jungle,(2017),119 min,"
Action, Adventure, Comedy            ","

6.9
","374,477",$404.52M
534,Love and Monsters,(I) (2020),109 min,"
Action, Adventure, Comedy            ","

6.9
","125,747",$1.07M
535,Non-Stop,(2014),106 min,"
Action, Mystery, Thriller            ","

6.9
","264,276",$92.17M
536,All Is Lost,(2013),106 min,"
Action, Adventure, Drama            ","

6.9
","80,628",$6.26M
537,The Hitman's Bodyguard,(2017),118 min,"
Action, Comedy, Crime            ","

6.9
","229,719",$75.47M
538,Pacific Rim,(2013),131 min,"
Action, Adventure, Sci-Fi            ","

6.9
","499,089",$101.80M
539,Get the Gringo,(2012),96 min,"
Action, Drama, Thriller            ","

6.9
","108,209",$na
540,In the Heart of the Sea,(2015),122 min,"
Action, Adventure, Biography            ","

6.9
","138,699",$25.02M
541,Ghostbusters,(2016),117 min,"
Action, Comedy, Fantasy            ","

6.9
","230,429",$128.34M
542,Iron Man 2,(2010),124 min,"
Action, Adventure, Sci-Fi            ","

6.9
","807,832",$312.43M
543,Legend of the Guardians: The Owls of Ga'Hoole,(2010),97 min,"
Animation, Action, Adventure            ","

6.9
","83,596",$55.68M
544,The World's End,(2013),109 min,"
Action, Comedy, Sci-Fi            ","

6.9
","281,080",$26.00M
545,Free State of Jones,(2016),139 min,"
Action, Biography, Drama            ","

6.9
","58,158",$20.76M
546,Traitor,(2008),114 min,"
Action, Crime, Drama            ","

6.9
","57,828",$23.53M
547,The Amazing Spider-Man,(2012),136 min,"
Action, Adventure, Sci-Fi            ","

6.9
","650,320",$262.03M
548,Pineapple Express,(2008),111 min,"
Action, Comedy, Crime            ","

6.9
","338,534",$87.34M
549,Crank,(2006),88 min,"
Action, Crime, Thriller            ","

6.9
","249,255",$27.83M
550,Alan Partridge: Alpha Papa,(2013),90 min,"
Action, Comedy, Crime            ","

6.9
","31,795",$0.15M
551,28 Weeks Later,(2007),100 min,"
Action, Adventure, Horror            ","

6.9
","275,493",$28.64M
552,Captain America: The First Avenger,(2011),124 min,"
Action, Adventure, Sci-Fi            ","

6.9
","835,306",$176.65M
553,The Guardian,(I) (2006),139 min,"
Action, Adventure, Drama            ","

6.9
","93,311",$55.01M
554,San ging chaat goo si,(2004),123 min,"
Action, Crime, Thriller            ","

6.9
","27,176",$na
555,Jurassic World,(2015),124 min,"
Action, Adventure, Sci-Fi            ","

6.9
","638,208",$652.27M
556,National Treasure,(2004),131 min,"
Action, Adventure, Mystery            ","

6.9
","330,993",$173.01M
557,Mission: Impossible III,(2006),126 min,"
Action, Adventure, Thriller            ","

6.9
","355,506",$134.03M
558,The Last Castle,(2001),131 min,"
Action, Drama, Thriller            ","

6.9
","80,386",$18.21M
559,Atlantis: The Lost Empire,(2001),95 min,"
Animation, Action, Adventure            ","

6.9
","119,356",$84.05M
560,A Knight's Tale,(2001),132 min,"
Action, Adventure, Romance            ","

6.9
","186,353",$56.57M
561,Taxi,(I) (1998),86 min,"
Action, Comedy, Crime            ","

6.9
","83,580",$0.27M
562,The Edge,(1997),117 min,"
Action, Adventure, Drama            ","

6.9
","73,860",$27.78M
563,Con Air,(1997),115 min,"
Action, Crime, Thriller            ","

6.9
","298,687",$101.12M
564,The Mask,(1994),101 min,"
Action, Comedy, Crime            ","

6.9
","382,923",$119.94M
565,Clear and Present Danger,(1994),141 min,"
Action, Crime, Drama            ","

6.9
","99,527",$122.19M
566,Robin Hood: Prince of Thieves,(1991),143 min,"
Action, Adventure, Drama            ","

6.9
","193,394",$165.50M
567,Memphis Belle,(1990),107 min,"
Action, Drama, War            ","

6.9
","28,685",$27.44M
568,The Monster Squad,(1987),79 min,"
Action, Comedy, Fantasy            ","

6.9
","32,495",$3.77M
569,Top Gun,(1986),110 min,"
Action, Drama            ","

6.9
","418,183",$179.80M
570,Romancing the Stone,(1984),106 min,"
Action, Adventure, Comedy            ","

6.9
","94,059",$76.57M
571,48 Hrs.,(1982),96 min,"
Action, Comedy, Crime            ","

6.9
","78,111",$78.87M
572,Conan the Barbarian,(1982),129 min,"
Action, Adventure, Fantasy            ","

6.9
","149,332",$39.57M
573,Clash of the Titans,(1981),118 min,"
Action, Adventure, Family            ","

6.9
","44,606",$41.09M
574,Smokey and the Bandit,(1977),96 min,"
Action, Adventure, Comedy            ","

6.9
","50,817",$126.74M
575,Death Wish,(1974),93 min,"
Action, Crime, Drama            ","

6.9
","39,528",$22.00M
576,Westworld,(1973),88 min,"
Action, Sci-Fi, Thriller            ","

6.9
","58,554",$16.06M
577,Tang shan da xiong,(1971),100 min,"
Action, Crime, Drama            ","

6.9
","27,210",$0.04M
578,Thunderball,(1965),130 min,"
Action, Adventure, Thriller            ","

6.9
","118,309",$63.60M
579,Ready or Not,(I) (2019),95 min,"
Action, Comedy, Horror            ","

6.8
","147,256",$28.71M
580,Boss Level,(2020),100 min,"
Action, Adventure, Comedy            ","

6.8
","66,140",$na
581,News of the World,(2020),118 min,"
Action, Adventure, Drama            ","

6.8
","86,123",$na
582,Spies in Disguise,(2019),102 min,"
Animation, Action, Adventure            ","

6.8
","48,580",$66.76M
583,Shin Gojira,(2016),120 min,"
Action, Drama, Horror            ","

6.8
","27,937",$1.92M
584,Captain Marvel,(2019),123 min,"
Action, Adventure, Sci-Fi            ","

6.8
","550,206",$426.83M
585,The Outpost,(2019),123 min,"
Action, Drama, History            ","

6.8
","34,144",$na
586,The Magnificent Seven,(2016),132 min,"
Action, Adventure, Western            ","

6.8
","211,339",$93.43M
587,Spectre,(I) (2015),148 min,"
Action, Adventure, Thriller            ","

6.8
","437,641",$200.07M
588,Thor: The Dark World,(2013),112 min,"
Action, Adventure, Fantasy            ","

6.8
","674,931",$206.36M
589,Chappie,(2015),120 min,"
Action, Crime, Drama            ","

6.8
","250,717",$31.57M
590,The Maze Runner,(2014),113 min,"
Action, Mystery, Sci-Fi            ","

6.8
","462,363",$102.43M
591,Tres metros sobre el cielo,(2010),118 min,"
Action, Drama, Romance            ","

6.8
","26,440",$na
592,The Grey,(2011),117 min,"
Action, Adventure, Drama            ","

6.8
","252,494",$51.58M
593,What Happened to Monday,(2017),123 min,"
Action, Crime, Fantasy            ","

6.8
","122,605",$na
594,Aquaman,(2018),143 min,"
Action, Adventure, Fantasy            ","

6.8
","465,915",$335.06M
595,Men in Black 3,(2012),106 min,"
Action, Adventure, Comedy            ","

6.8
","361,447",$179.02M
596,Unknown,(I) (2011),113 min,"
Action, Mystery, Thriller            ","

6.8
","261,414",$63.69M
597,Antim: The Final Truth,(2021),138 min,"
Action, Crime, Drama            ","

6.8
","40,711",$na
598,Tron,(2010),125 min,"
Action, Adventure, Sci-Fi            ","

6.8
","335,679",$172.06M
599,The Book of Eli,(2010),118 min,"
Action, Adventure, Drama            ","

6.8
","317,040",$94.84M
600,Hanna,(2011),111 min,"
Action, Adventure, Drama            ","

6.8
","199,037",$40.26M
601,Green Zone,(2010),115 min,"
Action, Drama, Thriller            ","

6.8
","137,393",$35.05M
602,We Own the Night,(2007),117 min,"
Action, Crime, Drama            ","

6.8
","89,190",$28.56M
603,Unstoppable,(2010),98 min,"
Action, Thriller            ","

6.8
","197,354",$81.56M
604,Harsh Times,(2005),116 min,"
Action, Crime, Drama            ","

6.8
","66,025",$3.34M
605,Four Brothers,(2005),109 min,"
Action, Crime, Drama            ","

6.8
","146,741",$74.49M
606,Street Kings,(2008),109 min,"
Action, Crime, Thriller            ","

6.8
","114,022",$26.42M
607,The Island,(2005),136 min,"
Action, Sci-Fi, Thriller            ","

6.8
","315,916",$35.82M
608,Tristan + Isolde,(2006),125 min,"
Action, Drama, Romance            ","

6.8
","52,665",$14.73M
609,The Transporter,(2002),92 min,"
Action, Crime, Thriller            ","

6.8
","302,861",$25.30M
610,Dog Soldiers,(2002),105 min,"
Action, Horror, Thriller            ","

6.8
","60,448",$na
611,The Fast and the Furious,(2001),106 min,"
Action, Adventure, Crime            ","

6.8
","383,331",$144.53M
612,The Score,(2001),124 min,"
Action, Crime, Drama            ","

6.8
","128,106",$71.07M
613,Hellboy,(2004),122 min,"
Action, Adventure, Fantasy            ","

6.8
","327,677",$59.62M
614,Ngo si seoi,(1998),120 min,"
Action, Adventure, Comedy            ","

6.8
","40,159",$na
615,The Mask of Zorro,(1998),136 min,"
Action, Adventure, Comedy            ","

6.8
","183,922",$94.10M
616,The Long Kiss Goodnight,(1996),121 min,"
Action, Crime, Drama            ","

6.8
","79,927",$33.33M
617,Bad Boys,(1995),119 min,"
Action, Comedy, Crime            ","

6.8
","263,893",$65.81M
618,Patriot Games,(1992),117 min,"
Action, Thriller            ","

6.8
","112,287",$83.29M
619,El mariachi,(1992),81 min,"
Action, Crime, Thriller            ","

6.8
","67,382",$2.04M
620,Young Guns,(1988),107 min,"
Action, Western            ","

6.8
","61,952",$45.66M
621,Innerspace,(1987),120 min,"
Action, Adventure, Comedy            ","

6.8
","60,129",$25.89M
622,Bloodsport,(1988),92 min,"
Action, Biography, Drama            ","

6.8
","85,312",$11.81M
623,Enemy Mine,(1985),108 min,"
Action, Adventure, Drama            ","

6.8
","48,095",$4.27M
624,Repo Man,(1984),92 min,"
Action, Comedy, Crime            ","

6.8
","37,730",$3.57M
625,Superman II,(1980),127 min,"
Action, Adventure, Sci-Fi            ","

6.8
","107,470",$108.19M
626,Mad Max,(1979),88 min,"
Action, Adventure, Sci-Fi            ","

6.8
","206,914",$8.75M
627,On Her Majesty's Secret Service,(1969),142 min,"
Action, Adventure, Thriller            ","

6.8
","91,992",$22.80M
628,You Only Live Twice,(1967),117 min,"
Action, Adventure, Thriller            ","

6.8
","109,496",$43.08M
629,Extraction,(2020),116 min,"
Action, Thriller            ","

6.7
","199,418",$na
630,Jumanji: The Next Level,(2019),123 min,"
Action, Adventure, Comedy            ","

6.7
","245,790",$316.83M
631,Midway,(2019),138 min,"
Action, Drama, History            ","

6.7
","84,895",$56.85M
632,Bumblebee,(I) (2018),114 min,"
Action, Adventure, Sci-Fi            ","

6.7
","163,804",$127.20M
633,Kingsman: The Golden Circle,(2017),141 min,"
Action, Adventure, Comedy            ","

6.7
","324,282",$100.23M
634,The Equalizer 2,(2018),121 min,"
Action, Crime, Thriller            ","

6.7
","158,223",$102.08M
635,Jungle,(I) (2017),115 min,"
Action, Adventure, Biography            ","

6.7
","56,892",$na
636,Turbo Kid,(2015),93 min,"
Action, Adventure, Comedy            ","

6.7
","28,248",$0.05M
637,Black Widow,(2021),134 min,"
Action, Adventure, Sci-Fi            ","

6.7
","367,154",$183.65M
638,Hardcore Henry,(2015),96 min,"
Action, Adventure, Sci-Fi            ","

6.7
","95,543",$9.25M
639,The Guest,(I) (2014),100 min,"
Action, Mystery, Thriller            ","

6.7
","100,684",$0.32M
640,Pete's Dragon,(2016),102 min,"
Action, Adventure, Comedy            ","

6.7
","58,491",$76.23M
641,The Salvation,(2014),92 min,"
Action, Drama, Thriller            ","

6.7
","39,621",$0.01M
642,The Adam Project,(2022),106 min,"
Action, Adventure, Comedy            ","

6.7
","191,524",$na
643,Atomic Blonde,(2017),115 min,"
Action, Thriller            ","

6.7
","192,989",$51.69M
644,The Finest Hours,(2016),117 min,"
Action, Drama, History            ","

6.7
","66,865",$27.57M
645,King Arthur: Legend of the Sword,(2017),126 min,"
Action, Adventure, Drama            ","

6.7
","215,928",$39.18M
646,No Escape,(I) (2015),103 min,"
Action, Thriller            ","

6.7
","85,955",$27.29M
647,In Time,(2011),109 min,"
Action, Sci-Fi, Thriller            ","

6.7
","408,985",$37.52M
648,Safe House,(2012),115 min,"
Action, Thriller            ","

6.7
","222,892",$126.37M
649,Machine Gun Preacher,(2011),129 min,"
Action, Biography, Crime            ","

6.7
","66,286",$0.54M
650,Zombieland: Double Tap,(2019),99 min,"
Action, Comedy, Horror            ","

6.7
","177,418",$73.12M
651,Super,(I) (2010),96 min,"
Action, Comedy, Crime            ","

6.7
","80,284",$0.32M
652,The Wolverine,(2013),126 min,"
Action, Sci-Fi            ","

6.7
","463,842",$132.56M
653,Gangster Squad,(2013),113 min,"
Action, Crime, Drama            ","

6.7
","215,567",$46.00M
654,2 Guns,(2013),109 min,"
Action, Thriller            ","

6.7
","211,307",$75.61M
655,Wild Target,(2010),98 min,"
Action, Comedy, Crime            ","

6.7
","38,405",$0.12M
656,Escape Plan,(2013),115 min,"
Action, Thriller            ","

6.7
","242,437",$25.13M
657,Brooklyn's Finest,(2009),132 min,"
Action, Crime, Drama            ","

6.7
","63,979",$27.15M
658,Out of the Furnace,(2013),116 min,"
Action, Crime, Drama            ","

6.7
","116,091",$11.33M
659,Pandorum,(2009),108 min,"
Action, Horror, Mystery            ","

6.7
","151,471",$10.33M
660,Thor: Love and Thunder,(2022),118 min,"
Action, Adventure, Comedy            ","

6.7
","178,877",$na
661,Om Shanti Om,(2007),162 min,"
Action, Comedy, Drama            ","

6.7
","43,568",$3.60M
662,The Brothers Bloom,(2008),114 min,"
Action, Adventure, Comedy            ","

6.7
","50,806",$3.52M
663,Angels & Demons,(2009),138 min,"
Action, Mystery, Thriller            ","

6.7
","292,333",$133.38M
664,Death Sentence,(2007),105 min,"
Action, Adventure, Crime            ","

6.7
","72,002",$9.53M
665,Warcraft,(2016),123 min,"
Action, Adventure, Fantasy            ","

6.7
","262,919",$47.37M
666,Appaloosa,(2008),115 min,"
Action, Crime, Drama            ","

6.7
","61,533",$20.21M
667,Wanted,(2008),110 min,"
Action, Crime, Thriller            ","

6.7
","387,617",$134.51M
668,The Brave One,(2007),122 min,"
Action, Crime, Drama            ","

6.7
","61,151",$36.79M
669,The A-Team,(2010),117 min,"
Action, Adventure, Thriller            ","

6.7
","258,686",$77.22M
670,Underworld: Evolution,(2006),106 min,"
Action, Fantasy, Thriller            ","

6.7
","200,056",$62.32M
671,Blood and Bone,(2009),93 min,"
Action, Crime, Drama            ","

6.7
","33,749",$na
672,Hidalgo,(2004),136 min,"
Action, Adventure, Biography            ","

6.7
","82,249",$67.29M
673,The Matrix Revolutions,(2003),129 min,"
Action, Sci-Fi            ","

6.7
","509,954",$139.31M
674,Blade II,(2002),117 min,"
Action, Horror, Sci-Fi            ","

6.7
","217,668",$82.35M
675,Armageddon,(1998),151 min,"
Action, Adventure, Sci-Fi            ","

6.7
","423,971",$201.57M
676,Nothing to Lose,(1997),98 min,"
Action, Adventure, Comedy            ","

6.7
","46,787",$44.46M
677,Conspiracy Theory,(1997),135 min,"
Action, Mystery, Thriller            ","

6.7
","100,836",$75.98M
678,Absolute Power,(1997),121 min,"
Action, Crime, Drama            ","

6.7
","55,449",$50.01M
679,Ransom,(1996),121 min,"
Action, Crime, Thriller            ","

6.7
","128,393",$136.49M
680,Hung fan kui,(1995),104 min,"
Action, Comedy, Crime            ","

6.7
","42,526",$32.39M
681,Wyatt Earp,(1994),191 min,"
Action, Adventure, Biography            ","

6.7
","51,207",$25.05M
682,Demolition Man,(1993),115 min,"
Action, Sci-Fi, Thriller            ","

6.7
","175,776",$58.06M
683,Lethal Weapon 3,(1992),118 min,"
Action, Crime, Thriller            ","

6.7
","168,328",$144.73M
684,Hot Shots!,(1991),84 min,"
Action, Comedy            ","

6.7
","108,409",$69.47M
685,Backdraft,(1991),137 min,"
Action, Drama, Mystery            ","

6.7
","80,431",$77.87M
686,Teenage Mutant Ninja Turtles,(1990),93 min,"
Action, Adventure, Comedy            ","

6.7
","94,257",$135.27M
687,Colors,(1988),120 min,"
Action, Crime, Drama            ","

6.7
","27,023",$46.62M
688,Stakeout,(1987),117 min,"
Action, Comedy, Crime            ","

6.7
","26,578",$65.67M
689,The Living Daylights,(1987),130 min,"
Action, Adventure, Thriller            ","

6.7
","98,742",$51.19M
690,Hamburger Hill,(1987),110 min,"
Action, Drama, Thriller            ","

6.7
","25,903",$13.84M
691,Commando,(1985),90 min,"
Action, Adventure, Thriller            ","

6.7
","160,753",$35.10M
692,The Last Starfighter,(1984),101 min,"
Action, Adventure, Sci-Fi            ","

6.7
","42,655",$28.73M
693,TRON,(1982),96 min,"
Action, Adventure, Sci-Fi            ","

6.7
","121,631",$33.00M
694,For Your Eyes Only,(1981),127 min,"
Action, Adventure, Thriller            ","

6.7
","101,491",$62.30M
695,Logan's Run,(1976),119 min,"
Action, Adventure, Sci-Fi            ","

6.7
","56,804",$25.00M
696,The Enforcer,(1976),96 min,"
Action, Crime, Thriller            ","

6.7
","45,745",$46.20M
697,The Man with the Golden Gun,(1974),125 min,"
Action, Adventure, Thriller            ","

6.7
","105,625",$20.97M
698,Live and Let Die,(1973),121 min,"
Action, Adventure, Thriller            ","

6.7
","107,721",$35.38M
699,Enola Holmes,(2020),123 min,"
Action, Adventure, Crime            ","

6.6
","168,944",$na
700,Marighella,(2019),155 min,"
Action, Drama, History            ","

6.6
","55,064",$na
701,The Old Guard,(2020),125 min,"
Action, Thriller            ","

6.6
","162,304",$na
702,Anna,(II) (2019),118 min,"
Action, Thriller            ","

6.6
","80,529",$7.74M
703,The Art of Self-Defense,(2019),104 min,"
Action, Comedy, Crime            ","

6.6
","37,477",$2.41M
704,Adrift,(I) (2018),96 min,"
Action, Adventure, Biography            ","

6.6
","56,736",$31.45M
705,The Aeronauts,(2019),100 min,"
Action, Adventure, Drama            ","

6.6
","33,332",$na
706,Harriet,(I) (2019),125 min,"
Action, Biography, Drama            ","

6.6
","26,734",$na
707,The Fate of the Furious,(2017),136 min,"
Action, Crime, Thriller            ","

6.6
","230,688",$226.01M
708,The Girl with All the Gifts,(2016),111 min,"
Action, Adventure, Drama            ","

6.6
","59,867",$na
709,Overlord,(2018),110 min,"
Action, Horror, Sci-Fi            ","

6.6
","98,923",$21.70M
710,Alpha,(II) (2018),96 min,"
Action, Adventure, Drama            ","

6.6
","62,440",$35.85M
711,Jason Bourne,(I) (2016),123 min,"
Action, Thriller            ","

6.6
","226,689",$162.43M
712,Kong: Skull Island,(2017),118 min,"
Action, Adventure, Fantasy            ","

6.6
","316,779",$168.05M
713,Bølgen,(2015),105 min,"
Action, Drama, Thriller            ","

6.6
","38,405",$0.18M
714,The Lego Movie 2: The Second Part,(2019),107 min,"
Animation, Action, Adventure            ","

6.6
","66,240",$105.81M
715,Raees,(2017),143 min,"
Action, Crime, Drama            ","

6.6
","44,632",$3.26M
716,Red Sparrow,(2018),140 min,"
Action, Drama, Thriller            ","

6.6
","185,315",$46.87M
717,The Heat,(I) (2013),117 min,"
Action, Comedy, Crime            ","

6.6
","172,467",$159.58M
718,Run All Night,(2015),114 min,"
Action, Crime, Mystery            ","

6.6
","109,430",$26.46M
719,The Hunger Games: Mockingjay - Part 1,(2014),123 min,"
Action, Adventure, Sci-Fi            ","

6.6
","451,771",$337.14M
720,The Amazing Spider-Man 2,(2014),142 min,"
Action, Adventure, Sci-Fi            ","

6.6
","493,332",$202.85M
721,Hunter Killer,(2018),121 min,"
Action, Thriller            ","

6.6
","63,236",$15.77M
722,Divergent,(2014),139 min,"
Action, Adventure, Mystery            ","

6.6
","457,560",$150.95M
723,RED 2,(2013),116 min,"
Action, Comedy, Crime            ","

6.6
","171,135",$53.26M
724,The Expendables 2,(2012),103 min,"
Action, Adventure, Thriller            ","

6.6
","306,796",$85.02M
725,Ender's Game,(2013),114 min,"
Action, Adventure, Sci-Fi            ","

6.6
","240,123",$61.74M
726,Man on a Ledge,(2012),102 min,"
Action, Crime, Thriller            ","

6.6
","152,227",$18.62M
727,Elysium,(I) (2013),109 min,"
Action, Drama, Sci-Fi            ","

6.6
","445,364",$93.05M
728,Attack the Block,(2011),88 min,"
Action, Adventure, Comedy            ","

6.6
","106,952",$1.02M
729,The Other Guys,(2010),107 min,"
Action, Comedy, Crime            ","

6.6
","267,448",$119.22M
730,Pirates of the Caribbean: On Stranger Tides,(2011),137 min,"
Action, Adventure, Fantasy            ","

6.6
","524,026",$241.06M
731,Venom,(2018),112 min,"
Action, Adventure, Sci-Fi            ","

6.6
","477,147",$213.52M
732,The Bourne Legacy,(2012),135 min,"
Action, Adventure, Thriller            ","

6.6
","301,788",$113.20M
733,L'immortel,(2010),117 min,"
Action, Crime, Drama            ","

6.6
","34,939",$na
734,Eagle Eye,(2008),118 min,"
Action, Mystery, Thriller            ","

6.6
","187,063",$101.11M
735,Machete,(2010),105 min,"
Action, Crime, Thriller            ","

6.6
","197,583",$26.59M
736,Robin Hood,(2010),140 min,"
Action, Adventure, Drama            ","

6.6
","268,390",$105.27M
737,Jungle Cruise,(2021),127 min,"
Action, Adventure, Comedy            ","

6.6
","183,965",$116.99M
738,Epic,(2013),102 min,"
Animation, Action, Adventure            ","

6.6
","105,450",$107.52M
739,Quantum of Solace,(2008),106 min,"
Action, Adventure, Thriller            ","

6.6
","446,578",$168.37M
740,The Incredible Hulk,(2008),112 min,"
Action, Adventure, Sci-Fi            ","

6.6
","487,583",$134.52M
741,Seraphim Falls,(2006),115 min,"
Action, Drama, Thriller            ","

6.6
","32,010",$0.42M
742,Smokin' Aces,(2006),109 min,"
Action, Comedy, Crime            ","

6.6
","145,754",$35.66M
743,Prince of Persia: The Sands of Time,(2010),116 min,"
Action, Adventure, Fantasy            ","

6.6
","289,142",$90.76M
744,Shoot 'Em Up,(2007),86 min,"
Action, Comedy, Thriller            ","

6.6
","150,570",$12.81M
745,16 Blocks,(2006),102 min,"
Action, Drama, Thriller            ","

6.6
","130,979",$36.90M
746,Vantage Point,(2008),90 min,"
Action, Crime, Drama            ","

6.6
","150,457",$72.27M
747,Flushed Away,(2006),85 min,"
Animation, Action, Adventure            ","

6.6
","125,870",$64.67M
748,John Carter,(2012),132 min,"
Action, Adventure, Sci-Fi            ","

6.6
","272,186",$73.08M
749,30 Days of Night,(2007),113 min,"
Action, Adventure, Horror            ","

6.6
","176,555",$39.57M
750,X-Men: The Last Stand,(2006),104 min,"
Action, Adventure, Sci-Fi            ","

6.6
","514,395",$234.36M
751,The Rundown,(2003),104 min,"
Action, Adventure, Comedy            ","

6.6
","107,523",$47.73M
752,Tears of the Sun,(2003),121 min,"
Action, Drama, Thriller            ","

6.6
","122,478",$43.73M
753,The Chronicles of Riddick,(2004),119 min,"
Action, Adventure, Sci-Fi            ","

6.6
","228,243",$57.76M
754,The Recruit,(2003),115 min,"
Action, Thriller            ","

6.6
","136,366",$52.80M
755,Wasabi,(2001),94 min,"
Action, Drama, Comedy            ","

6.6
","40,312",$0.08M
756,Kiss of the Dragon,(2001),98 min,"
Action, Crime, Thriller            ","

6.6
","63,921",$36.85M
757,Rush Hour 2,(2001),90 min,"
Action, Comedy, Crime            ","

6.6
","218,776",$226.16M
758,Joy Ride,(2001),97 min,"
Action, Mystery, Thriller            ","

6.6
","69,808",$21.97M
759,The Way of the Gun,(2000),119 min,"
Action, Crime, Drama            ","

6.6
","33,675",$6.06M
760,Shanghai Noon,(2000),110 min,"
Action, Adventure, Comedy            ","

6.6
","127,480",$56.94M
761,Bad Boys II,(2003),147 min,"
Action, Comedy, Crime            ","

6.6
","249,975",$138.61M
762,Austin Powers: The Spy Who Shagged Me,(1999),95 min,"
Action, Adventure, Comedy            ","

6.6
","232,889",$206.04M
763,U-571,(2000),116 min,"
Action, War            ","

6.6
","82,567",$77.09M
764,Lethal Weapon 4,(1998),127 min,"
Action, Crime, Thriller            ","

6.6
","163,220",$130.44M
765,Star Wars: Episode II - Attack of the Clones,(2002),142 min,"
Action, Adventure, Fantasy            ","

6.6
","703,813",$310.68M
766,Titan A.E.,(2000),94 min,"
Animation, Action, Adventure            ","

6.6
","61,399",$22.75M
767,Resident Evil,(2002),100 min,"
Action, Horror, Sci-Fi            ","

6.6
","270,453",$40.12M
768,The 13th Warrior,(1999),102 min,"
Action, Adventure, History            ","

6.6
","124,754",$32.70M
769,Courage Under Fire,(1996),116 min,"
Action, Drama, Mystery            ","

6.6
","55,243",$59.03M
770,Outbreak,(1995),127 min,"
Action, Drama, Thriller            ","

6.6
","129,726",$67.82M
771,Star Trek: Generations,(1994),118 min,"
Action, Adventure, Mystery            ","

6.6
","82,112",$75.67M
772,Hot Shots! Part Deux,(1993),86 min,"
Action, Comedy            ","

6.6
","91,203",$38.91M
773,New Jack City,(1991),97 min,"
Action, Crime, Drama            ","

6.6
","35,502",$47.62M
774,Road House,(1989),114 min,"
Action, Thriller            ","

6.6
","73,648",$30.05M
775,Licence to Kill,(1989),133 min,"
Action, Adventure, Thriller            ","

6.6
","104,791",$34.67M
776,Ghostbusters II,(1989),108 min,"
Action, Comedy, Fantasy            ","

6.6
","206,366",$112.49M
777,Black Rain,(1989),125 min,"
Action, Crime, Thriller            ","

6.6
","55,113",$46.21M
778,The Running Man,(1987),101 min,"
Action, Sci-Fi, Thriller            ","

6.6
","153,292",$38.12M
779,Crocodile Dundee,(1986),97 min,"
Action, Adventure, Comedy            ","

6.6
","105,269",$174.64M
780,Star Trek III: The Search for Spock,(1984),105 min,"
Action, Adventure, Sci-Fi            ","

6.6
","80,747",$76.47M
781,Sudden Impact,(1983),117 min,"
Action, Crime, Thriller            ","

6.6
","45,176",$67.64M
782,Outland,(1981),109 min,"
Action, Crime, Sci-Fi            ","

6.6
","30,105",$17.37M
783,Rollerball,(1975),125 min,"
Action, Sci-Fi, Sport            ","

6.6
","25,401",$30.00M
784,The Tomorrow War,(2021),138 min,"
Action, Adventure, Drama            ","

6.5
","201,951",$na
785,The Hunt,(II) (2020),90 min,"
Action, Horror, Thriller            ","

6.5
","112,040",$na
786,War,(2019),154 min,"
Action, Adventure, Thriller            ","

6.5
","25,046",$na
787,Mandy,(I) (2018),121 min,"
Action, Fantasy, Horror            ","

6.5
","78,273",$1.21M
788,Fast & Furious Presents: Hobbs & Shaw,(2019),137 min,"
Action, Adventure, Thriller            ","

6.5
","210,023",$173.96M
789,Pokémon: Detective Pikachu,(2019),104 min,"
Action, Adventure, Comedy            ","

6.5
","161,767",$144.11M
790,Sonic the Hedgehog,(2020),99 min,"
Action, Adventure, Comedy            ","

6.5
","137,215",$148.97M
791,Nerve,(I) (2016),96 min,"
Action, Adventure, Crime            ","

6.5
","129,880",$38.58M
792,Tag,(I) (2018),100 min,"
Action, Comedy            ","

6.5
","132,978",$54.55M
793,The Interview,(II) (2014),112 min,"
Action, Adventure, Comedy            ","

6.5
","329,959",$6.11M
794,Star Wars: Episode IX - The Rise of Skywalker,(2019),141 min,"
Action, Adventure, Fantasy            ","

6.5
","443,181",$515.20M
795,Homefront,(I) (2013),100 min,"
Action, Crime, Thriller            ","

6.5
","120,534",$20.16M
796,Olympus Has Fallen,(2013),119 min,"
Action, Thriller            ","

6.5
","275,477",$98.93M
797,Self/less,(2015),117 min,"
Action, Mystery, Sci-Fi            ","

6.5
","99,413",$12.28M
798,The Hunger Games: Mockingjay - Part 2,(2015),137 min,"
Action, Adventure, Sci-Fi            ","

6.5
","323,456",$281.72M
799,Pirates of the Caribbean: Dead Men Tell No Tales,(2017),129 min,"
Action, Adventure, Fantasy            ","

6.5
","307,995",$172.56M
800,Fetih 1453,(2012),162 min,"
Action, Drama, History            ","

6.5
","58,205",$0.07M
801,Safe,(I) (2012),94 min,"
Action, Crime, Thriller            ","

6.5
","110,879",$17.14M
802,Kick-Ass 2,(2013),103 min,"
Action, Comedy, Crime            ","

6.5
","271,868",$28.80M
803,The Gray Man,(2022),122 min,"
Action, Thriller            ","

6.5
","162,692",$na
804,Premium Rush,(2012),91 min,"
Action, Crime, Thriller            ","

6.5
","114,166",$20.28M
805,Bad Boys for Life,(2020),124 min,"
Action, Comedy, Crime            ","

6.5
","159,029",$206.31M
806,Yi dai zong shi,(2013),130 min,"
Action, Biography, Drama            ","

6.5
","34,490",$6.59M
807,12 Strong,(2018),130 min,"
Action, Drama, History            ","

6.5
","81,418",$45.50M
808,Seungriho,(2021),136 min,"
Action, Adventure, Drama            ","

6.5
","25,476",$na
809,Banlieue 13: Ultimatum,(2009),101 min,"
Action, Crime, Thriller            ","

6.5
","44,776",$0.04M
810,Sonic the Hedgehog 2,(2022),122 min,"
Action, Adventure, Comedy            ","

6.5
","58,930",$na
811,The Harder They Fall,(2021),139 min,"
Action, Drama, Western            ","

6.5
","61,373",$na
812,Never Back Down,(2008),113 min,"
Action, Drama, Sport            ","

6.5
","101,640",$24.85M
813,Fast & Furious,(2009),107 min,"
Action, Crime, Thriller            ","

6.5
","286,123",$155.06M
814,The International,(I) (2009),118 min,"
Action, Crime, Drama            ","

6.5
","95,725",$25.45M
815,The Forbidden Kingdom,(2008),104 min,"
Action, Adventure, Fantasy            ","

6.5
","105,915",$52.08M
816,Underworld: Rise of the Lycans,(2009),92 min,"
Action, Fantasy, Thriller            ","

6.5
","160,173",$45.80M
817,The Chronicles of Narnia: Prince Caspian,(2008),150 min,"
Action, Adventure, Family            ","

6.5
","210,024",$141.62M
818,The Mechanic,(2011),93 min,"
Action, Crime, Thriller            ","

6.5
","160,965",$29.12M
819,National Treasure: Book of Secrets,(2007),124 min,"
Action, Adventure, Mystery            ","

6.5
","236,759",$219.96M
820,X-Men Origins: Wolverine,(2009),107 min,"
Action, Sci-Fi            ","

6.5
","502,212",$179.88M
821,Sin City: A Dame to Kill For,(2014),102 min,"
Action, Crime, Thriller            ","

6.5
","161,878",$13.76M
822,Flyboys,(2006),140 min,"
Action, Drama, History            ","

6.5
","42,965",$13.08M
823,Dhoom:2,(2006),152 min,"
Action, Crime, Thriller            ","

6.5
","26,793",$2.64M
824,Terminator Salvation,(2009),115 min,"
Action, Adventure, Sci-Fi            ","

6.5
","361,127",$125.32M
825,Get Smart,(2008),110 min,"
Action, Adventure, Comedy            ","

6.5
","218,072",$130.32M
826,The Spiderwick Chronicles,(2008),96 min,"
Action, Adventure, Drama            ","

6.5
","96,030",$71.20M
827,War of the Worlds,(2005),116 min,"
Action, Adventure, Sci-Fi            ","

6.5
","446,877",$234.28M
828,A Walk Among the Tombstones,(2014),114 min,"
Action, Crime, Drama            ","

6.5
","121,682",$26.31M
829,Spartan,(2004),106 min,"
Action, Crime, Drama            ","

6.5
","32,052",$4.43M
830,Mr. & Mrs. Smith,(2005),120 min,"
Action, Comedy, Crime            ","

6.5
","491,882",$186.34M
831,Ladder 49,(2004),115 min,"
Action, Drama, Thriller            ","

6.5
","57,956",$74.54M
832,Hostage,(2005),113 min,"
Action, Crime, Drama            ","

6.5
","110,756",$34.64M
833,Cellular,(2004),94 min,"
Action, Crime, Thriller            ","

6.5
","101,123",$32.00M
834,Heist,(2001),109 min,"
Action, Crime, Drama            ","

6.5
","37,205",$0.05M
835,Swordfish,(2001),99 min,"
Action, Crime, Thriller            ","

6.5
","187,491",$69.77M
836,The Four Feathers,(2002),132 min,"
Action, Adventure, Drama            ","

6.5
","34,348",$18.31M
837,Gone in Sixty Seconds,(2000),118 min,"
Action, Crime, Thriller            ","

6.5
","278,094",$101.65M
838,Space Cowboys,(2000),130 min,"
Action, Adventure, Thriller            ","

6.5
","81,609",$90.46M
839,Taxi 2,(2000),88 min,"
Action, Comedy, Crime            ","

6.5
","55,803",$0.73M
840,Star Wars: Episode I - The Phantom Menace,(1999),136 min,"
Action, Adventure, Fantasy            ","

6.5
","797,676",$474.54M
841,U.S. Marshals,(1998),131 min,"
Action, Crime, Thriller            ","

6.5
","106,080",$57.17M
842,The Man in the Iron Mask,(I) (1998),132 min,"
Action, Adventure, Drama            ","

6.5
","167,489",$56.97M
843,Tomorrow Never Dies,(1997),119 min,"
Action, Adventure, Thriller            ","

6.5
","194,489",$125.33M
844,The Lost World: Jurassic Park,(1997),129 min,"
Action, Adventure, Sci-Fi            ","

6.5
","416,084",$229.09M
845,Air Force One,(1997),124 min,"
Action, Drama, Thriller            ","

6.5
","195,788",$172.96M
846,Executive Decision,(1996),133 min,"
Action, Adventure, Thriller            ","

6.5
","57,535",$56.57M
847,The Quick and the Dead,(1995),108 min,"
Action, Romance, Thriller            ","

6.5
","94,493",$18.64M
848,Cliffhanger,(1993),113 min,"
Action, Adventure, Thriller            ","

6.5
","129,934",$84.05M
849,Under Siege,(1992),103 min,"
Action, Thriller            ","

6.5
","87,322",$83.36M
850,The Rocketeer,(1991),108 min,"
Action, Adventure, Family            ","

6.5
","58,002",$46.70M
851,Young Guns II,(1990),104 min,"
Action, Western            ","

6.5
","36,312",$44.14M
852,Beverly Hills Cop II,(1987),100 min,"
Action, Comedy, Crime            ","

6.5
","119,700",$153.67M
853,Rambo: First Blood Part II,(1985),96 min,"
Action, Adventure, Thriller            ","

6.5
","168,579",$150.42M
854,Octopussy,(1983),131 min,"
Action, Adventure, Thriller            ","

6.5
","105,969",$67.90M
855,Flash Gordon,(1980),111 min,"
Action, Adventure, Sci-Fi            ","

6.5
","56,704",$na
856,Diamonds Are Forever,(1971),120 min,"
Action, Adventure, Thriller            ","

6.5
","106,482",$43.82M
857,Batman: The Movie,(1966),105 min,"
Action, Adventure, Comedy            ","

6.5
","33,301",$na
858,Greenland,(2020),119 min,"
Action, Thriller            ","

6.4
","115,134",$na
859,Peppermint,(2018),101 min,"
Action, Thriller            ","

6.4
","65,073",$35.42M
860,Revenge,(II) (2017),108 min,"
Action, Horror, Thriller            ","

6.4
","43,425",$0.10M
861,Angel Has Fallen,(2019),121 min,"
Action, Thriller            ","

6.4
","96,937",$69.03M
862,The Angry Birds Movie 2,(2019),97 min,"
Animation, Action, Adventure            ","

6.4
","29,451",$41.66M
863,Escape Room,(I) (2019),99 min,"
Action, Adventure, Horror            ","

6.4
","121,169",$57.01M
864,Batman: The Killing Joke,(2016),76 min,"
Animation, Action, Crime            ","

6.4
","56,885",$3.78M
865,Shaft,(2019),111 min,"
Action, Comedy, Crime            ","

6.4
","53,387",$21.36M
866,Now You See Me 2,(2016),129 min,"
Action, Adventure, Comedy            ","

6.4
","286,555",$65.08M
867,Batman v Superman: Dawn of Justice,(2016),152 min,"
Action, Adventure, Sci-Fi            ","

6.4
","693,571",$330.36M
868,The Purge: Anarchy,(2014),103 min,"
Action, Horror, Sci-Fi            ","

6.4
","151,875",$71.96M
869,Lucy,(I) (2014),89 min,"
Action, Sci-Fi, Thriller            ","

6.4
","491,866",$126.66M
870,Son of a Gun,(2014),108 min,"
Action, Crime, Drama            ","

6.4
","28,208",$0.00M
871,Need for Speed,(2014),132 min,"
Action, Thriller            ","

6.4
","171,010",$43.58M
872,Live by Night,(2016),129 min,"
Action, Thriller            ","

6.4
","57,314",$10.38M
873,The Rover,(2014),103 min,"
Action, Crime, Drama            ","

6.4
","48,435",$1.11M
874,Redirected,(2014),99 min,"
Action, Comedy, Crime            ","

6.4
","34,100",$na
875,Valerian and the City of a Thousand Planets,(2017),136 min,"
Action, Adventure, Fantasy            ","

6.4
","180,740",$41.19M
876,Dead Man Down,(2013),118 min,"
Action, Crime, Drama            ","

6.4
","68,185",$10.88M
877,Pain & Gain,(2013),129 min,"
Action, Comedy, Crime            ","

6.4
","216,897",$49.88M
878,Tomorrowland,(2015),130 min,"
Action, Adventure, Family            ","

6.4
","182,457",$93.44M
879,Let's Be Cops,(2014),104 min,"
Action, Comedy, Crime            ","

6.4
","134,313",$82.39M
880,How I Live Now,(2013),101 min,"
Action, Adventure, Drama            ","

6.4
","30,556",$0.06M
881,Kill List,(2011),95 min,"
Action, Crime, Horror            ","

6.4
","41,099",$0.03M
882,Colombiana,(2011),108 min,"
Action, Drama, Thriller            ","

6.4
","101,559",$36.67M
883,Here Comes the Boom,(2012),105 min,"
Action, Comedy, Sport            ","

6.4
","91,667",$45.29M
884,Savages,(2012),131 min,"
Action, Crime, Drama            ","

6.4
","130,296",$47.38M
885,Act of Valor,(2012),110 min,"
Action, Adventure, Thriller            ","

6.4
","69,362",$70.01M
886,Contraband,(2012),109 min,"
Action, Crime, Drama            ","

6.4
","122,756",$66.53M
887,Triple Frontier,(2019),125 min,"
Action, Thriller            ","

6.4
","127,703",$na
888,Killer Elite,(2011),116 min,"
Action, Crime, Thriller            ","

6.4
","129,808",$25.12M
889,Faster,(2010),98 min,"
Action, Crime, Drama            ","

6.4
","107,452",$23.24M
890,Predators,(2010),107 min,"
Action, Adventure, Sci-Fi            ","

6.4
","230,814",$52.00M
891,Riddick,(2013),119 min,"
Action, Adventure, Sci-Fi            ","

6.4
","166,264",$42.03M
892,The Expendables,(2010),103 min,"
Action, Adventure, Thriller            ","

6.4
","344,589",$103.07M
893,Army of Thieves,(2021),127 min,"
Action, Comedy, Crime            ","

6.4
","75,523",$na
894,The Lone Ranger,(2013),150 min,"
Action, Adventure, Western            ","

6.4
","234,579",$89.30M
895,Black Death,(2010),102 min,"
Action, Drama, Horror            ","

6.4
","48,247",$0.02M
896,From Paris with Love,(2010),92 min,"
Action, Crime, Thriller            ","

6.4
","117,438",$23.98M
897,Baiohazâdo: Dijenerêshon,(2008),97 min,"
Animation, Action, Horror            ","

6.4
","31,505",$na
898,The Taking of Pelham 123,(2009),106 min,"
Action, Crime, Thriller            ","

6.4
","197,414",$65.45M
899,Salt,(2010),100 min,"
Action, Thriller            ","

6.4
","313,938",$118.31M
900,Monsters vs. Aliens,(2009),94 min,"
Animation, Action, Adventure            ","

6.4
","161,888",$198.35M
901,Snitch,(I) (2013),112 min,"
Action, Drama, Thriller            ","

6.4
","88,498",$42.93M
902,Godzilla,(2014),123 min,"
Action, Adventure, Sci-Fi            ","

6.4
","412,299",$200.68M
903,Death Race,(2008),105 min,"
Action, Sci-Fi, Thriller            ","

6.4
","209,093",$36.32M
904,Hancock,(2008),92 min,"
Action, Drama, Fantasy            ","

6.4
","479,217",$227.95M
905,Daybreakers,(2009),98 min,"
Action, Horror, Sci-Fi            ","

6.4
","129,113",$30.10M
906,Dnevnoy dozor,(2006),132 min,"
Action, Fantasy, Horror            ","

6.4
","34,492",$0.45M
907,Nochnoy dozor,(2004),114 min,"
Action, Fantasy, Horror            ","

6.4
","54,056",$1.49M
908,Chaos,(II) (2005),106 min,"
Action, Crime, Drama            ","

6.4
","55,113",$na
909,The Punisher,(2004),124 min,"
Action, Crime, Drama            ","

6.4
","160,549",$33.68M
910,The Day After Tomorrow,(2004),124 min,"
Action, Adventure, Sci-Fi            ","

6.4
","446,006",$186.74M
911,Blood Work,(2002),110 min,"
Action, Crime, Drama            ","

6.4
","45,286",$26.20M
912,Ned Kelly,(2003),110 min,"
Action, Adventure, Biography            ","

6.4
","27,124",$0.07M
913,Basic,(2003),98 min,"
Action, Crime, Drama            ","

6.4
","63,215",$26.54M
914,Star Trek: Nemesis,(2002),116 min,"
Action, Adventure, Sci-Fi            ","

6.4
","79,374",$43.25M
915,Rat Race,(2001),112 min,"
Action, Adventure, Comedy            ","

6.4
","115,832",$56.62M
916,The Mummy Returns,(2001),130 min,"
Action, Adventure, Fantasy            ","

6.4
","323,354",$202.02M
917,The Perfect Storm,(2000),130 min,"
Action, Adventure, Drama            ","

6.4
","167,816",$182.62M
918,Final Fantasy: The Spirits Within,(2001),106 min,"
Animation, Action, Adventure            ","

6.4
","82,231",$32.13M
919,The Sum of All Fears,(2002),124 min,"
Action, Drama, Thriller            ","

6.4
","115,890",$118.91M
920,Behind Enemy Lines,(2001),106 min,"
Action, Drama, Thriller            ","

6.4
","105,934",$59.07M
921,The World Is Not Enough,(1999),128 min,"
Action, Adventure, Thriller            ","

6.4
","200,703",$126.94M
922,The Siege,(1998),116 min,"
Action, Thriller            ","

6.4
","73,469",$40.98M
923,Star Trek: Insurrection,(1998),103 min,"
Action, Adventure, Sci-Fi            ","

6.4
","75,351",$70.12M
924,The Jackal,(1997),124 min,"
Action, Crime, Drama            ","

6.4
","117,137",$54.93M
925,Twister,(I) (1996),113 min,"
Action, Adventure, Thriller            ","

6.4
","195,859",$241.72M
926,Last Man Standing,(1996),101 min,"
Action, Crime, Drama            ","

6.4
","58,369",$17.60M
927,DragonHeart,(1996),103 min,"
Action, Adventure, Fantasy            ","

6.4
","97,531",$51.37M
928,The Prophecy,(1995),98 min,"
Action, Crime, Drama            ","

6.4
","31,392",$16.12M
929,Just Cause,(1995),102 min,"
Action, Crime, Drama            ","

6.4
","27,293",$36.85M
930,Last Action Hero,(1993),130 min,"
Action, Adventure, Comedy            ","

6.4
","151,691",$50.02M
931,Alien³,(1992),114 min,"
Action, Horror, Sci-Fi            ","

6.4
","299,036",$55.47M
932,Darkman,(1990),96 min,"
Action, Sci-Fi, Thriller            ","

6.4
","64,859",$33.88M
933,Tango & Cash,(1989),104 min,"
Action, Comedy, Crime            ","

6.4
","105,711",$63.41M
934,Lock Up,(1989),109 min,"
Action, Crime, Drama            ","

6.4
","43,300",$22.10M
935,Kickboxer,(1989),97 min,"
Action, Sport, Thriller            ","

6.4
","55,940",$14.70M
936,The Omega Man,(1971),98 min,"
Action, Drama, Sci-Fi            ","

6.4
","31,700",$8.72M
937,Eternals,(2021),156 min,"
Action, Adventure, Fantasy            ","

6.3
","330,433",$164.87M
938,My Spy,(2020),99 min,"
Action, Comedy            ","

6.3
","30,688",$na
939,Red Notice,(2021),118 min,"
Action, Comedy, Thriller            ","

6.3
","269,116",$na
940,Guns Akimbo,(2019),98 min,"
Action, Comedy, Crime            ","

6.3
","60,801",$na
941,The King's Man,(2021),131 min,"
Action, Adventure, Thriller            ","

6.3
","140,076",$na
942,7500,(2019),93 min,"
Action, Drama, Thriller            ","

6.3
","28,965",$na
943,ARQ,(2016),88 min,"
Action, Sci-Fi, Thriller            ","

6.3
","39,371",$na
944,Bright,(I) (2017),117 min,"
Action, Fantasy, Thriller            ","

6.3
","188,326",$na
945,Ocean's Eight,(2018),110 min,"
Action, Comedy, Crime            ","

6.3
","217,124",$140.22M
946,Godzilla vs. Kong,(2021),113 min,"
Action, Sci-Fi, Thriller            ","

6.3
","204,666",$100.92M
947,Free Fire,(2016),91 min,"
Action, Comedy, Crime            ","

6.3
","47,016",$1.80M
948,Polar,(I) (2019),118 min,"
Action, Thriller            ","

6.3
","89,362",$na
949,The Shallows,(2016),86 min,"
Action, Drama, Horror            ","

6.3
","132,814",$55.12M
950,Maze Runner: The Scorch Trials,(2015),131 min,"
Action, Adventure, Sci-Fi            ","

6.3
","248,651",$81.70M
951,Risen,(2016),107 min,"
Action, Drama, History            ","

6.3
","28,487",$36.87M
952,Criminal,(2016),113 min,"
Action, Sci-Fi, Thriller            ","

6.3
","66,418",$14.27M
953,Bastille Day,(2016),92 min,"
Action, Crime, Drama            ","

6.3
","44,066",$0.04M
954,White House Down,(2013),131 min,"
Action, Drama, Thriller            ","

6.3
","221,563",$73.10M
955,Spectral,(2016),107 min,"
Action, Adventure, Sci-Fi            ","

6.3
","59,500",$na
956,Mr. Right,(I) (2015),95 min,"
Action, Comedy, Romance            ","

6.3
","56,346",$0.03M
957,Unlocked,(I) (2017),98 min,"
Action, Thriller            ","

6.3
","35,396",$na
958,Scouts Guide to the Zombie Apocalypse,(2015),93 min,"
Action, Comedy, Horror            ","

6.3
","51,137",$3.64M
959,Triple 9,(2016),115 min,"
Action, Crime, Thriller            ","

6.3
","72,313",$12.63M
960,Johnny English Reborn,(2011),101 min,"
Action, Adventure, Comedy            ","

6.3
","130,956",$8.31M
961,This Means War,(2012),103 min,"
Action, Comedy, Romance            ","

6.3
","186,694",$54.76M
962,The Commuter,(I) (2018),104 min,"
Action, Mystery, Thriller            ","

6.3
","115,240",$36.34M
963,The Last Stand,(2013),107 min,"
Action, Thriller, Western            ","

6.3
","139,194",$12.05M
964,Underworld: Awakening,(2012),88 min,"
Action, Fantasy, Horror            ","

6.3
","154,431",$62.32M
965,Central Intelligence,(2016),107 min,"
Action, Comedy, Crime            ","

6.3
","189,076",$127.44M
966,Uncharted,(2022),116 min,"
Action, Adventure            ","

6.3
","180,028",$na
967,The American,(2010),105 min,"
Action, Crime, Drama            ","

6.3
","97,112",$35.61M
968,Tomb Raider,(2018),119 min,"
Action, Adventure, Fantasy            ","

6.3
","213,526",$58.25M
969,Jack the Giant Slayer,(2013),114 min,"
Action, Adventure, Fantasy            ","

6.3
","138,947",$65.19M
970,Terminator Genisys,(2015),126 min,"
Action, Adventure, Sci-Fi            ","

6.3
","277,145",$89.76M
971,Ghost in the Shell,(2017),107 min,"
Action, Crime, Drama            ","

6.3
","214,187",$40.56M
972,The Necessary Death of Charlie Countryman,(2013),103 min,"
Action, Comedy, Drama            ","

6.3
","28,643",$0.01M
973,Ninja Assassin,(2009),99 min,"
Action, Thriller            ","

6.3
","72,369",$38.11M
974,Death Wish,(2018),107 min,"
Action, Crime, Drama            ","

6.3
","72,272",$34.02M
975,#Saraitda,(2020),98 min,"
Action, Drama, Horror            ","

6.3
","39,035",$na
976,Repo Men,(2010),111 min,"
Action, Sci-Fi, Thriller            ","

6.3
","106,815",$13.79M
977,Centurion,(2010),97 min,"
Action, Drama, History            ","

6.3
","82,950",$0.12M
978,Knight and Day,(2010),109 min,"
Action, Adventure, Comedy            ","

6.3
","196,099",$76.42M
979,Surrogates,(2009),89 min,"
Action, Sci-Fi, Thriller            ","

6.3
","175,204",$38.58M
980,The Collector,(I) (2009),90 min,"
Action, Horror, Thriller            ","

6.3
","65,561",$7.71M
981,The Losers,(I) (2010),97 min,"
Action, Adventure, Comedy            ","

6.3
","101,523",$23.58M
982,Beowulf,(2007),115 min,"
Animation, Action, Adventure            ","

6.3
","168,194",$82.16M
983,Sky High,(2005),100 min,"
Action, Comedy, Family            ","

6.3
","87,439",$63.95M
984,Assault on Precinct 13,(2005),109 min,"
Action, Crime, Drama            ","

6.3
","78,777",$19.98M
985,Transporter 2,(2005),87 min,"
Action, Crime, Thriller            ","

6.3
","203,116",$43.10M
986,Revolver,(2005),111 min,"
Action, Crime, Drama            ","

6.3
","96,180",$0.08M
987,King Arthur,(2004),126 min,"
Action, Adventure, Drama            ","

6.3
","168,098",$51.88M
988,Paycheck,(2003),119 min,"
Action, Mystery, Sci-Fi            ","

6.3
","108,921",$53.79M
989,Once Upon a Time in Mexico,(2003),102 min,"
Action, Crime, Thriller            ","

6.3
","162,331",$56.36M
990,Proof of Life,(2000),135 min,"
Action, Drama, Thriller            ","

6.3
","57,329",$32.60M
991,The 51st State,(2001),93 min,"
Action, Comedy, Crime            ","

6.3
","49,505",$5.20M
992,Miss Congeniality,(2000),109 min,"
Action, Comedy, Crime            ","

6.3
","209,365",$106.81M
993,Terminator 3: Rise of the Machines,(2003),109 min,"
Action, Sci-Fi            ","

6.3
","398,395",$150.37M
994,Osmosis Jones,(2001),95 min,"
Animation, Action, Adventure            ","

6.3
","36,236",$13.60M
995,Blue Streak,(1999),93 min,"
Action, Comedy, Crime            ","

6.3
","83,242",$68.52M
996,Entrapment,(1999),113 min,"
Action, Crime, Romance            ","

6.3
","116,151",$87.70M
997,Nick of Time,(1995),90 min,"
Action, Crime, Drama            ","

6.3
","42,874",$8.17M
998,Assassins,(1995),133 min,"
Action, Crime, Thriller            ","

6.3
","83,422",$30.31M
999,The Three Musketeers,(1993),105 min,"
Action, Adventure, Comedy            ","

6.3
","55,262",$53.90M
